Person,Date,Activity,Activity Duration
1,2024-02-26,Break,0.5
1,2024-02-26,Meal,0.5
1,2024-02-26,On Queue,7.5
1,2024-02-27,Break,0.5
1,2024-02-27,Meal,0.5
1,2024-02-27,On Queue,7.5
1,2024-02-28,Break,0.5
1,2024-02-28,Meal,0.5
1,2024-02-28,On Queue,7.5
1,2024-02-29,Break,0.5
1,2024-02-29,Meal,0.5
1,2024-02-29,On Queue,7.5
1,2024-03-01,Break,0.5
1,2024-03-01,Meal,0.5
1,2024-03-01,On Queue,7.5
1,2024-03-04,Break,0.5
1,2024-03-04,Meal,0.5
1,2024-03-04,On Queue,7.5
1,2024-03-05,Break,0.5
1,2024-03-05,Meal,0.5
1,2024-03-05,On Queue,7.5
1,2024-03-06,Break,0.5
1,2024-03-06,Meal,0.5
1,2024-03-06,On Queue,7.5
1,2024-03-07,Break,0.5
1,2024-03-07,Meal,0.5
1,2024-03-07,On Queue,7.5
1,2024-03-08,Break,0.5
1,2024-03-08,Meal,0.5
1,2024-03-08,On Queue,7.5
1,2024-03-11,Break,0.5
1,2024-03-11,Meal,0.5
1,2024-03-11,On Queue,7.5
1,2024-03-12,Break,0.5
1,2024-03-12,Meal,0.5
1,2024-03-12,On Queue,7.5
1,2024-03-13,Break,0.5
1,2024-03-13,Meal,0.5
1,2024-03-13,On Queue,7.5
1,2024-03-14,Break,0.5
1,2024-03-14,Meal,0.5
1,2024-03-14,On Queue,7.5
1,2024-03-15,Break,0.5
1,2024-03-15,Meal,0.5
1,2024-03-15,On Queue,7.5
1,2024-03-16,Break,0.5
1,2024-03-16,Extra Hours,7.5
1,2024-03-16,Meal,0.5
1,2024-03-18,Break,0.5
1,2024-03-18,Meal,0.5
1,2024-03-18,On Queue,7.5
1,2024-03-19,Break,0.5
1,2024-03-19,Meal,0.5
1,2024-03-19,On Queue,7.5
1,2024-03-20,Break,0.5
1,2024-03-20,Meal,0.5
1,2024-03-20,On Queue,7.5
1,2024-03-21,Break,0.5
1,2024-03-21,Meal,0.5
1,2024-03-21,Meeting,0.5
1,2024-03-21,On Queue,7.0
1,2024-03-22,Break,0.5
1,2024-03-22,Meal,0.5
1,2024-03-22,On Queue,7.5
2,2024-02-27,Break,0.25
2,2024-02-27,On Queue,3.75
2,2024-02-28,Break,0.25
2,2024-02-28,On Queue,3.75
2,2024-02-29,Break,0.25
2,2024-02-29,On Queue,3.75
2,2024-03-01,Break,0.25
2,2024-03-01,On Queue,3.75
2,2024-03-04,Break,0.25
2,2024-03-04,On Queue,3.75
2,2024-03-05,Break,0.25
2,2024-03-05,On Queue,3.75
2,2024-03-06,Break,0.25
2,2024-03-06,On Queue,3.75
2,2024-03-07,Break,0.25
2,2024-03-07,On Queue,3.75
2,2024-03-08,Break,0.25
2,2024-03-08,On Queue,3.75
2,2024-03-11,Break,0.25
2,2024-03-11,On Queue,3.75
2,2024-03-13,Break,0.25
2,2024-03-13,On Queue,3.75
2,2024-03-14,Break,0.25
2,2024-03-14,On Queue,3.75
2,2024-03-15,Break,0.25
2,2024-03-15,On Queue,3.75
2,2024-03-18,Break,0.25
2,2024-03-18,On Queue,3.75
2,2024-03-19,Break,0.25
2,2024-03-19,On Queue,3.75
2,2024-03-20,Break,0.25
2,2024-03-20,Meeting,0.5
2,2024-03-20,On Queue,3.25
2,2024-03-21,Break,0.25
2,2024-03-21,On Queue,3.75
2,2024-03-22,Break,0.25
2,2024-03-22,On Queue,2.25
2,2024-03-22,Program Training,1.5
3,2024-02-26,Break,0.5
3,2024-02-26,Meal,0.5
3,2024-02-26,On Queue,7.5
3,2024-02-27,Absent,2.7333333333333334
3,2024-02-27,Break,0.25
3,2024-02-27,Meal,0.5
3,2024-02-27,On Queue,5.016666666666667
3,2024-02-28,Break,0.5
3,2024-02-28,Meal,0.5
3,2024-02-28,On Queue,7.5
3,2024-02-29,Break,0.5
3,2024-02-29,Meal,0.5
3,2024-02-29,On Queue,7.5
3,2024-03-01,Absent,2.45
3,2024-03-01,Break,0.25
3,2024-03-01,On Queue,5.8
3,2024-03-04,Break,0.5
3,2024-03-04,Meal,0.5
3,2024-03-04,On Queue,7.5
3,2024-03-05,Break,0.5
3,2024-03-05,Meal,0.5
3,2024-03-05,On Queue,7.5
3,2024-03-06,Break,0.5
3,2024-03-06,Meal,0.5
3,2024-03-06,On Queue,7.5
3,2024-03-07,Break,0.5
3,2024-03-07,Meal,0.5
3,2024-03-07,On Queue,7.5
3,2024-03-08,Absent,4.0
3,2024-03-08,Break,0.25
3,2024-03-08,On Queue,4.25
3,2024-03-11,Break,0.5
3,2024-03-11,Meal,0.5
3,2024-03-11,On Queue,7.5
3,2024-03-12,Break,0.5
3,2024-03-12,Meal,0.5
3,2024-03-12,On Queue,7.5
3,2024-03-13,Break,0.5
3,2024-03-13,Meal,0.5
3,2024-03-13,On Queue,7.5
3,2024-03-14,Break,0.5
3,2024-03-14,Meal,0.5
3,2024-03-14,On Queue,7.5
3,2024-03-15,Break,0.5
3,2024-03-15,Meal,0.5
3,2024-03-15,On Queue,7.5
3,2024-03-18,Break,0.5
3,2024-03-18,Meal,0.5
3,2024-03-18,On Queue,7.5
3,2024-03-19,Break,0.5
3,2024-03-19,Meal,0.5
3,2024-03-19,On Queue,7.5
3,2024-03-20,Break,0.5
3,2024-03-20,Meal,0.5
3,2024-03-20,Meeting,0.5
3,2024-03-20,On Queue,7.0
3,2024-03-21,Break,0.5
3,2024-03-21,Meal,0.5
3,2024-03-21,On Queue,7.5
3,2024-03-22,Break,0.5
3,2024-03-22,Meal,0.5
3,2024-03-22,On Queue,7.5
4,2024-02-27,Break,0.5
4,2024-02-27,Meal,0.5
4,2024-02-27,On Queue,7.5
4,2024-02-28,Break,0.5
4,2024-02-28,Meal,0.5
4,2024-02-28,On Queue,7.5
4,2024-02-29,Break,0.5
4,2024-02-29,Meal,0.5
4,2024-02-29,On Queue,7.5
4,2024-03-01,Break,0.5
4,2024-03-01,Meal,0.5
4,2024-03-01,On Queue,7.5
4,2024-03-02,Break,0.25
4,2024-03-02,Extra Hours,4.75
4,2024-03-04,Break,0.5
4,2024-03-04,Meal,0.5
4,2024-03-04,On Queue,7.5
4,2024-03-05,Break,0.5
4,2024-03-05,Meal,0.5
4,2024-03-05,On Queue,7.5
4,2024-03-06,Break,0.5
4,2024-03-06,Meal,0.5
4,2024-03-06,On Queue,7.5
4,2024-03-07,Break,0.5
4,2024-03-07,Meal,0.5
4,2024-03-07,On Queue,7.5
4,2024-03-08,Break,0.25
4,2024-03-08,Meal,0.5
4,2024-03-08,On Queue,6.25
4,2024-03-08,Time Off,1.5
4,2024-03-11,Break,0.5
4,2024-03-11,Meal,0.5
4,2024-03-11,On Queue,7.5
4,2024-03-12,Break,0.5
4,2024-03-12,Meal,0.5
4,2024-03-12,On Queue,7.5
4,2024-03-13,Break,0.5
4,2024-03-13,Meal,0.5
4,2024-03-13,On Queue,7.5
4,2024-03-14,Break,0.5
4,2024-03-14,Meal,0.5
4,2024-03-14,On Queue,7.5
4,2024-03-15,Break,0.5
4,2024-03-15,Meal,0.5
4,2024-03-15,On Queue,7.5
4,2024-03-18,Break,0.5
4,2024-03-18,Meal,0.5
4,2024-03-18,On Queue,7.5
4,2024-03-19,Break,0.5
4,2024-03-19,Meal,0.5
4,2024-03-19,Meeting,0.5
4,2024-03-19,On Queue,7.0
4,2024-03-20,Break,0.5
4,2024-03-20,Meal,0.5
4,2024-03-20,On Queue,7.5
4,2024-03-21,Break,0.5
4,2024-03-21,Meal,0.5
4,2024-03-21,On Queue,7.5
4,2024-03-22,Absent,1.5
4,2024-03-22,Break,0.25
4,2024-03-22,Meal,0.5
4,2024-03-22,On Queue,6.25
5,2024-02-26,Break,0.5
5,2024-02-26,Meal,0.5
5,2024-02-26,On Queue,7.5
5,2024-02-27,Break,0.5
5,2024-02-27,Meal,0.5
5,2024-02-27,On Queue,7.5
5,2024-02-28,Break,0.5
5,2024-02-28,Meal,0.5
5,2024-02-28,On Queue,7.5
5,2024-02-29,Break,0.5
5,2024-02-29,Meal,0.5
5,2024-02-29,On Queue,7.5
5,2024-03-01,Break,0.5
5,2024-03-01,Meal,0.5
5,2024-03-01,On Queue,7.5
5,2024-03-04,Break,0.5
5,2024-03-04,Meal,0.5
5,2024-03-04,On Queue,7.5
5,2024-03-05,Break,0.5
5,2024-03-05,Meal,0.5
5,2024-03-05,On Queue,7.5
5,2024-03-06,Absent,0.3333333333333333
5,2024-03-06,Break,0.5
5,2024-03-06,Meal,0.5
5,2024-03-06,On Queue,7.166666666666666
5,2024-03-11,Break,0.5
5,2024-03-11,Meal,0.5
5,2024-03-11,On Queue,7.5
5,2024-03-12,Break,0.5
5,2024-03-12,Meal,0.5
5,2024-03-12,On Queue,7.5
5,2024-03-13,Break,0.5
5,2024-03-13,Meal,0.5
5,2024-03-13,On Queue,7.5
5,2024-03-14,Break,0.5
5,2024-03-14,Meal,0.5
5,2024-03-14,On Queue,7.5
5,2024-03-15,Break,0.5
5,2024-03-15,Meal,0.5
5,2024-03-15,On Queue,7.5
5,2024-03-18,Absent,3.75
5,2024-03-18,Break,0.25
5,2024-03-18,On Queue,3.75
5,2024-03-18,Time Off,0.75
5,2024-03-19,Break,0.5
5,2024-03-19,Meal,0.5
5,2024-03-19,On Queue,7.5
5,2024-03-20,Time Off,8.5
5,2024-03-21,Break,0.5
5,2024-03-21,Meal,0.5
5,2024-03-21,On Queue,7.5
5,2024-03-22,Break,0.5
5,2024-03-22,Meal,0.5
5,2024-03-22,On Queue,6.0
5,2024-03-22,Program Training,1.5
6,2024-02-26,Break,0.5
6,2024-02-26,Meal,0.5
6,2024-02-26,On Queue,7.5
6,2024-02-27,Break,0.5
6,2024-02-27,Meal,0.5
6,2024-02-27,On Queue,7.5
6,2024-02-28,Break,0.5
6,2024-02-28,Meal,0.5
6,2024-02-28,On Queue,7.5
6,2024-02-29,Break,0.5
6,2024-02-29,Meal,0.5
6,2024-02-29,On Queue,7.5
6,2024-03-10,Break,0.5
6,2024-03-10,Meal,0.5
6,2024-03-10,On Queue,7.5
6,2024-03-11,Break,0.5
6,2024-03-11,Meal,0.5
6,2024-03-11,On Queue,7.5
6,2024-03-12,Break,0.5
6,2024-03-12,Meal,0.5
6,2024-03-12,On Queue,7.5
6,2024-03-13,Break,0.5
6,2024-03-13,Meal,0.5
6,2024-03-13,On Queue,7.5
6,2024-03-14,Break,0.5
6,2024-03-14,Meal,0.5
6,2024-03-14,On Queue,7.5
6,2024-03-16,Break,0.5
6,2024-03-16,Extra Hours,7.5
6,2024-03-16,Meal,0.5
6,2024-03-17,Break,0.5
6,2024-03-17,Meal,0.5
6,2024-03-17,On Queue,7.5
6,2024-03-18,Break,0.5
6,2024-03-18,Meal,0.5
6,2024-03-18,On Queue,7.5
6,2024-03-19,Break,0.5
6,2024-03-19,Meal,0.5
6,2024-03-19,Meeting,0.5
6,2024-03-19,On Queue,7.0
6,2024-03-20,Break,0.5
6,2024-03-20,Meal,0.5
6,2024-03-20,On Queue,7.5
6,2024-03-21,Break,0.5
6,2024-03-21,Meal,0.5
6,2024-03-21,On Queue,7.5
6,2024-03-24,Break,0.5
6,2024-03-24,Meal,0.5
6,2024-03-24,On Queue,7.5
7,2024-02-26,Break,0.25
7,2024-02-26,On Queue,3.75
7,2024-02-27,Break,0.25
7,2024-02-27,On Queue,3.75
7,2024-02-28,Break,0.25
7,2024-02-28,On Queue,6.75
7,2024-02-28,Split,7.0
7,2024-02-29,Break,0.5
7,2024-02-29,On Queue,7.0
7,2024-02-29,Split,7.0
7,2024-03-01,Break,0.5
7,2024-03-01,On Queue,7.0
7,2024-03-01,Split,7.0
7,2024-03-04,Break,0.25
7,2024-03-04,On Queue,3.75
7,2024-03-05,Break,0.25
7,2024-03-05,On Queue,3.75
7,2024-03-06,Break,0.25
7,2024-03-06,On Queue,6.75
7,2024-03-06,Split,7.0
7,2024-03-07,Break,0.5
7,2024-03-07,On Queue,7.0
7,2024-03-07,Split,7.0
7,2024-03-08,Break,0.5
7,2024-03-08,On Queue,7.0
7,2024-03-08,Split,7.0
7,2024-03-11,Break,0.25
7,2024-03-11,On Queue,3.75
7,2024-03-12,Break,0.25
7,2024-03-12,On Queue,3.75
7,2024-03-13,Break,0.25
7,2024-03-13,On Queue,6.75
7,2024-03-13,Split,7.0
7,2024-03-14,Break,0.5
7,2024-03-14,On Queue,7.0
7,2024-03-14,Split,7.0
7,2024-03-15,Break,0.5
7,2024-03-15,On Queue,7.0
7,2024-03-15,Split,7.0
7,2024-03-18,Break,0.25
7,2024-03-18,On Queue,3.75
7,2024-03-19,Break,0.25
7,2024-03-19,On Queue,3.75
7,2024-03-20,Break,0.25
7,2024-03-20,On Queue,6.75
7,2024-03-20,Split,7.0
7,2024-03-21,Break,0.5
7,2024-03-21,Meeting,0.5
7,2024-03-21,On Queue,5.666666666666666
7,2024-03-21,Program Training,0.8333333333333334
7,2024-03-21,Split,7.0
7,2024-03-22,Break,0.5
7,2024-03-22,On Queue,7.0
7,2024-03-22,Split,7.0
8,2024-02-26,Break,0.5
8,2024-02-26,Chat Support,3.0
8,2024-02-26,Meal,0.5
8,2024-02-26,On Queue,4.5
8,2024-02-27,Break,0.5
8,2024-02-27,Chat Support,3.0
8,2024-02-27,Meal,0.5
8,2024-02-27,On Queue,4.5
8,2024-02-28,Break,0.5
8,2024-02-28,Chat Support,3.0
8,2024-02-28,Meal,0.5
8,2024-02-28,On Queue,4.5
8,2024-02-29,Break,0.5
8,2024-02-29,Chat Support,3.0
8,2024-02-29,Meal,0.5
8,2024-02-29,On Queue,4.5
8,2024-03-01,Break,0.5
8,2024-03-01,Chat Support,3.0
8,2024-03-01,Meal,0.5
8,2024-03-01,On Queue,4.5
8,2024-03-04,Break,0.5
8,2024-03-04,Chat Support,3.0
8,2024-03-04,Meal,0.5
8,2024-03-04,On Queue,4.5
8,2024-03-05,Absent,4.066666666666666
8,2024-03-05,Break,0.25
8,2024-03-05,Chat Support,2.0
8,2024-03-05,Meal,0.5
8,2024-03-05,On Queue,1.75
8,2024-03-06,Break,0.5
8,2024-03-06,Chat Support,3.0
8,2024-03-06,Meal,0.5
8,2024-03-06,On Queue,4.5
8,2024-03-07,Break,0.5
8,2024-03-07,Chat Support,3.0
8,2024-03-07,Meal,0.5
8,2024-03-07,On Queue,4.5
8,2024-03-08,Break,0.5
8,2024-03-08,Chat Support,3.0
8,2024-03-08,Meal,0.5
8,2024-03-08,On Queue,4.5
8,2024-03-11,Break,0.5
8,2024-03-11,Chat Support,3.0
8,2024-03-11,Meal,0.5
8,2024-03-11,On Queue,4.5
8,2024-03-13,Break,0.5
8,2024-03-13,Chat Support,3.0
8,2024-03-13,Meal,0.5
8,2024-03-13,On Queue,4.5
8,2024-03-14,Break,0.5
8,2024-03-14,Chat Support,3.0
8,2024-03-14,Meal,0.5
8,2024-03-14,On Queue,4.5
8,2024-03-15,Break,0.5
8,2024-03-15,Chat Support,3.0
8,2024-03-15,Meal,0.5
8,2024-03-15,On Queue,4.5
8,2024-03-18,Break,0.5
8,2024-03-18,Chat Support,3.0
8,2024-03-18,Meal,0.5
8,2024-03-18,On Queue,4.5
8,2024-03-19,Break,0.5
8,2024-03-19,Chat Support,2.5
8,2024-03-19,Meal,0.5
8,2024-03-19,Meeting,0.5
8,2024-03-19,On Queue,4.5
8,2024-03-20,Break,0.5
8,2024-03-20,Chat Support,3.0
8,2024-03-20,Meal,0.5
8,2024-03-20,On Queue,4.5
8,2024-03-21,Break,0.5
8,2024-03-21,Chat Support,3.0
8,2024-03-21,Meal,0.5
8,2024-03-21,On Queue,4.5
8,2024-03-22,Break,0.5
8,2024-03-22,Chat Support,3.0
8,2024-03-22,Meal,0.5
8,2024-03-22,On Queue,4.5
9,2024-02-26,Break,0.5
9,2024-02-26,Meal,0.5
9,2024-02-26,On Queue,7.5
9,2024-02-27,Break,0.5
9,2024-02-27,Meal,0.5
9,2024-02-27,On Queue,7.5
9,2024-02-28,Break,0.5
9,2024-02-28,Meal,0.5
9,2024-02-28,On Queue,7.5
9,2024-02-29,Break,0.5
9,2024-02-29,Meal,0.5
9,2024-02-29,On Queue,7.5
9,2024-03-01,Break,0.5
9,2024-03-01,Meal,0.5
9,2024-03-01,On Queue,7.5
9,2024-03-04,Break,0.5
9,2024-03-04,Meal,0.5
9,2024-03-04,On Queue,7.5
9,2024-03-05,Break,0.5
9,2024-03-05,Meal,0.5
9,2024-03-05,On Queue,7.5
9,2024-03-06,Break,0.5
9,2024-03-06,Meal,0.5
9,2024-03-06,On Queue,7.5
9,2024-03-07,Break,0.5
9,2024-03-07,Meal,0.5
9,2024-03-07,On Queue,7.5
9,2024-03-08,Break,0.5
9,2024-03-08,Meal,0.5
9,2024-03-08,On Queue,7.5
9,2024-03-11,Break,0.5
9,2024-03-11,Meal,0.5
9,2024-03-11,On Queue,7.5
9,2024-03-12,Break,0.5
9,2024-03-12,Meal,0.5
9,2024-03-12,On Queue,7.5
9,2024-03-13,Break,0.5
9,2024-03-13,Meal,0.5
9,2024-03-13,On Queue,7.5
9,2024-03-14,Break,0.5
9,2024-03-14,Meal,0.5
9,2024-03-14,On Queue,7.5
9,2024-03-15,Break,0.5
9,2024-03-15,Meal,0.5
9,2024-03-15,On Queue,7.5
9,2024-03-18,Break,0.5
9,2024-03-18,Meal,0.5
9,2024-03-18,On Queue,7.5
9,2024-03-19,Break,0.5
9,2024-03-19,Meal,0.5
9,2024-03-19,On Queue,7.5
9,2024-03-20,Break,0.5
9,2024-03-20,Meal,0.5
9,2024-03-20,Meeting,0.5
9,2024-03-20,On Queue,7.0
9,2024-03-21,Break,0.5
9,2024-03-21,Meal,0.5
9,2024-03-21,On Queue,7.5
9,2024-03-22,Break,0.5
9,2024-03-22,Meal,0.5
9,2024-03-22,On Queue,6.0
9,2024-03-22,Program Training,1.5
10,2024-02-26,Break,0.75
10,2024-02-26,Meal,0.5
10,2024-02-26,On Queue,9.25
10,2024-02-27,Break,0.75
10,2024-02-27,Meal,0.5
10,2024-02-27,On Queue,9.25
10,2024-02-28,Absent,2.5
10,2024-02-28,Break,0.25
10,2024-02-28,Meal,0.5
10,2024-02-28,On Queue,7.25
10,2024-02-29,Break,0.75
10,2024-02-29,Meal,0.5
10,2024-02-29,On Queue,9.25
10,2024-03-02,Break,0.5
10,2024-03-02,Extra Hours,7.5
10,2024-03-02,Meal,0.5
10,2024-03-04,Break,0.75
10,2024-03-04,Meal,0.5
10,2024-03-04,On Queue,9.25
10,2024-03-05,Break,0.75
10,2024-03-05,Extra Hours,3.0
10,2024-03-05,Meal,0.5
10,2024-03-05,On Queue,9.25
10,2024-03-05,Unavailable,1.0
10,2024-03-06,Break,0.75
10,2024-03-06,Extra Hours,3.0
10,2024-03-06,Meal,0.5
10,2024-03-06,On Queue,9.25
10,2024-03-06,Unavailable,1.0
10,2024-03-07,Break,0.75
10,2024-03-07,Meal,0.5
10,2024-03-07,On Queue,9.25
10,2024-03-11,Break,0.75
10,2024-03-11,Meal,0.5
10,2024-03-11,On Queue,9.25
10,2024-03-12,Break,0.75
10,2024-03-12,Meal,0.5
10,2024-03-12,On Queue,9.25
10,2024-03-13,Break,0.75
10,2024-03-13,Meal,0.5
10,2024-03-13,On Queue,9.25
10,2024-03-14,Absent,4.75
10,2024-03-14,Break,0.25
10,2024-03-14,Meal,0.5
10,2024-03-14,On Queue,5.0
10,2024-03-16,Break,0.5
10,2024-03-16,Extra Hours,7.5
10,2024-03-16,Meal,0.5
10,2024-03-18,Break,0.75
10,2024-03-18,Meal,0.5
10,2024-03-18,On Queue,9.25
10,2024-03-19,Break,0.75
10,2024-03-19,Meal,0.5
10,2024-03-19,On Queue,9.25
10,2024-03-20,Break,0.75
10,2024-03-20,Meal,0.5
10,2024-03-20,Meeting,0.5
10,2024-03-20,On Queue,8.75
10,2024-03-21,Break,0.75
10,2024-03-21,Meal,0.5
10,2024-03-21,On Queue,9.25
11,2024-03-01,Break,0.25
11,2024-03-01,On Queue,4.75
11,2024-03-02,Break,1.0
11,2024-03-02,Meal,0.5
11,2024-03-02,On Queue,14.5
11,2024-03-03,Break,1.0
11,2024-03-03,Meal,0.5
11,2024-03-03,On Queue,14.5
11,2024-03-08,Absent,4.033333333333333
11,2024-03-08,On Queue,1.3333333333333333
11,2024-03-09,Break,1.0
11,2024-03-09,Meal,0.5
11,2024-03-09,On Queue,14.5
11,2024-03-10,Break,1.0
11,2024-03-10,Meal,0.5
11,2024-03-10,On Queue,14.5
11,2024-03-15,Break,0.25
11,2024-03-15,On Queue,4.75
11,2024-03-16,Break,1.0
11,2024-03-16,Meal,0.5
11,2024-03-16,On Queue,14.5
11,2024-03-17,Break,1.0
11,2024-03-17,Meal,0.5
11,2024-03-17,On Queue,14.5
11,2024-03-22,Absent,5.0
11,2024-03-23,Break,1.0
11,2024-03-23,Meal,0.5
11,2024-03-23,On Queue,14.5
11,2024-03-24,Break,1.0
11,2024-03-24,Meal,0.5
11,2024-03-24,On Queue,14.5
12,2024-02-26,Break,0.5
12,2024-02-26,Chat Support,2.5
12,2024-02-26,Meal,0.5
12,2024-02-26,On Queue,5.0
12,2024-02-27,Break,0.5
12,2024-02-27,Chat Support,2.5
12,2024-02-27,Meal,0.5
12,2024-02-27,On Queue,5.0
12,2024-02-28,Break,0.5
12,2024-02-28,Chat Support,2.5
12,2024-02-28,Meal,0.5
12,2024-02-28,On Queue,5.0
12,2024-02-29,Break,0.5
12,2024-02-29,Chat Support,2.5
12,2024-02-29,Meal,0.5
12,2024-02-29,On Queue,5.0
12,2024-03-01,Break,0.5
12,2024-03-01,Chat Support,2.5
12,2024-03-01,Meal,0.5
12,2024-03-01,On Queue,5.0
12,2024-03-04,Break,0.5
12,2024-03-04,Chat Support,2.5
12,2024-03-04,Meal,0.5
12,2024-03-04,On Queue,5.0
12,2024-03-05,Break,0.5
12,2024-03-05,Chat Support,2.5
12,2024-03-05,Meal,0.5
12,2024-03-05,On Queue,5.0
12,2024-03-06,Break,0.5
12,2024-03-06,Chat Support,2.5
12,2024-03-06,Meal,0.5
12,2024-03-06,On Queue,5.0
12,2024-03-07,Break,0.5
12,2024-03-07,Chat Support,2.5
12,2024-03-07,Meal,0.5
12,2024-03-07,On Queue,5.0
12,2024-03-08,Break,0.5
12,2024-03-08,Chat Support,2.5
12,2024-03-08,Meal,0.5
12,2024-03-08,On Queue,5.0
12,2024-03-11,Break,0.5
12,2024-03-11,Chat Support,2.5
12,2024-03-11,Meal,0.5
12,2024-03-11,On Queue,5.0
12,2024-03-12,Break,0.5
12,2024-03-12,Chat Support,2.5
12,2024-03-12,Meal,0.5
12,2024-03-12,On Queue,5.0
12,2024-03-13,Break,0.5
12,2024-03-13,Chat Support,2.5
12,2024-03-13,Meal,0.5
12,2024-03-13,On Queue,5.0
12,2024-03-14,Break,0.5
12,2024-03-14,Chat Support,2.5
12,2024-03-14,Meal,0.5
12,2024-03-14,On Queue,5.0
12,2024-03-15,Break,0.5
12,2024-03-15,Chat Support,2.5
12,2024-03-15,Meal,0.5
12,2024-03-15,On Queue,5.0
12,2024-03-18,Break,0.5
12,2024-03-18,Chat Support,2.5
12,2024-03-18,Meal,0.5
12,2024-03-18,On Queue,5.0
12,2024-03-19,Break,0.5
12,2024-03-19,Chat Support,2.5
12,2024-03-19,Meal,0.5
12,2024-03-19,Meeting,0.5
12,2024-03-19,On Queue,4.5
12,2024-03-20,Break,0.5
12,2024-03-20,Chat Support,2.5
12,2024-03-20,Meal,0.5
12,2024-03-20,On Queue,5.0
12,2024-03-21,Break,0.5
12,2024-03-21,Chat Support,2.5
12,2024-03-21,Meal,0.5
12,2024-03-21,On Queue,5.0
12,2024-03-22,Break,0.5
12,2024-03-22,Chat Support,2.0
12,2024-03-22,Meal,0.5
12,2024-03-22,On Queue,4.0
12,2024-03-22,Program Training,1.5
13,2024-02-28,Absent,2.4833333333333334
13,2024-02-28,Break,0.25
13,2024-02-28,Meal,0.5
13,2024-02-28,On Queue,5.266666666666667
13,2024-02-29,Break,0.5
13,2024-02-29,Meal,0.5
13,2024-02-29,On Queue,7.5
13,2024-03-01,Absent,0.45
13,2024-03-01,Break,0.5
13,2024-03-01,Meal,0.5
13,2024-03-01,On Queue,7.05
13,2024-03-02,Break,0.5
13,2024-03-02,Meal,0.5
13,2024-03-02,On Queue,7.5
13,2024-03-03,Break,0.5
13,2024-03-03,Meal,0.5
13,2024-03-03,On Queue,7.5
13,2024-03-06,Break,0.5
13,2024-03-06,Meal,0.5
13,2024-03-06,On Queue,7.5
13,2024-03-07,Break,0.5
13,2024-03-07,Meal,0.5
13,2024-03-07,On Queue,7.5
13,2024-03-08,Break,0.75
13,2024-03-08,Extra Hours,6.25
13,2024-03-08,Meal,1.0
13,2024-03-08,On Queue,7.5
13,2024-03-08,Split,3.5
13,2024-03-09,Break,0.5
13,2024-03-09,Meal,0.5
13,2024-03-09,On Queue,8.5
13,2024-03-10,Break,0.5
13,2024-03-10,Meal,0.5
13,2024-03-10,On Queue,7.5
13,2024-03-13,Break,0.5
13,2024-03-13,Meal,0.5
13,2024-03-13,On Queue,7.5
13,2024-03-14,Absent,8.5
13,2024-03-15,Break,0.5
13,2024-03-15,Meal,0.5
13,2024-03-15,On Queue,7.5
13,2024-03-16,Break,0.5
13,2024-03-16,Meal,0.5
13,2024-03-16,On Queue,7.5
13,2024-03-17,Break,0.5
13,2024-03-17,Meal,0.5
13,2024-03-17,On Queue,7.5
13,2024-03-20,Break,0.5
13,2024-03-20,Meal,0.5
13,2024-03-20,On Queue,7.5
13,2024-03-21,Break,0.5
13,2024-03-21,Meal,0.5
13,2024-03-21,Meeting,0.5
13,2024-03-21,On Queue,7.0
13,2024-03-22,Absent,4.05
13,2024-03-22,Break,0.25
13,2024-03-22,Meal,0.45
13,2024-03-22,On Queue,3.75
13,2024-03-23,Absent,8.5
13,2024-03-24,Absent,8.5
14,2024-02-26,Break,0.5
14,2024-02-26,Meal,0.5
14,2024-02-26,On Queue,7.5
14,2024-02-27,Break,0.5
14,2024-02-27,Meal,0.5
14,2024-02-27,On Queue,7.5
14,2024-02-28,Break,0.5
14,2024-02-28,Meal,0.5
14,2024-02-28,On Queue,7.5
14,2024-02-29,Break,0.5
14,2024-02-29,Meal,0.5
14,2024-02-29,On Queue,7.5
14,2024-03-01,Break,0.5
14,2024-03-01,Meal,0.5
14,2024-03-01,On Queue,7.5
14,2024-03-04,Break,0.5
14,2024-03-04,Meal,0.5
14,2024-03-04,On Queue,7.5
14,2024-03-06,Break,0.5
14,2024-03-06,Meal,0.5
14,2024-03-06,On Queue,7.5
14,2024-03-07,Break,0.5
14,2024-03-07,Meal,0.5
14,2024-03-07,On Queue,7.5
14,2024-03-08,Break,0.5
14,2024-03-08,Meal,0.5
14,2024-03-08,On Queue,7.5
14,2024-03-11,Break,0.5
14,2024-03-11,Meal,0.5
14,2024-03-11,On Queue,7.5
14,2024-03-12,Break,0.5
14,2024-03-12,Meal,0.5
14,2024-03-12,On Queue,7.5
14,2024-03-13,Break,0.5
14,2024-03-13,On Queue,8.0
14,2024-03-14,Absent,0.6666666666666666
14,2024-03-14,Break,0.5
14,2024-03-14,Meal,0.5
14,2024-03-14,On Queue,6.833333333333334
14,2024-03-15,Break,0.5
14,2024-03-15,Meal,0.5
14,2024-03-15,On Queue,7.5
14,2024-03-18,Break,0.5
14,2024-03-18,Meal,0.5
14,2024-03-18,On Queue,6.0
14,2024-03-18,Time Off,2.0
14,2024-03-19,Break,0.5
14,2024-03-19,Meal,0.5
14,2024-03-19,On Queue,7.5
14,2024-03-20,Break,0.5
14,2024-03-20,Meal,0.5
14,2024-03-20,Meeting,0.5
14,2024-03-20,On Queue,7.0
14,2024-03-21,Break,0.5
14,2024-03-21,Meal,0.5
14,2024-03-21,On Queue,7.5
14,2024-03-22,Absent,0.4166666666666667
14,2024-03-22,Break,0.5
14,2024-03-22,Meal,0.5
14,2024-03-22,On Queue,5.583333333333333
14,2024-03-22,Program Training,1.5
15,2024-02-29,Break,0.75
15,2024-02-29,Meal,0.5
15,2024-02-29,On Queue,9.25
15,2024-03-01,Break,0.75
15,2024-03-01,Meal,0.5
15,2024-03-01,On Queue,9.25
15,2024-03-02,Break,0.75
15,2024-03-02,Meal,0.5
15,2024-03-02,On Queue,9.25
15,2024-03-03,Break,0.75
15,2024-03-03,Meal,0.5
15,2024-03-03,On Queue,9.25
15,2024-03-07,Break,0.75
15,2024-03-07,Meal,0.5
15,2024-03-07,On Queue,9.25
15,2024-03-08,Break,0.75
15,2024-03-08,Meal,0.5
15,2024-03-08,On Queue,9.25
15,2024-03-09,Break,0.75
15,2024-03-09,Meal,0.5
15,2024-03-09,On Queue,9.25
15,2024-03-10,Break,0.75
15,2024-03-10,Meal,0.5
15,2024-03-10,On Queue,10.25
15,2024-03-14,Break,0.75
15,2024-03-14,Meal,0.5
15,2024-03-14,On Queue,9.25
15,2024-03-15,Break,0.75
15,2024-03-15,Meal,0.5
15,2024-03-15,On Queue,9.25
15,2024-03-16,Break,0.75
15,2024-03-16,Meal,0.5
15,2024-03-16,On Queue,9.25
15,2024-03-17,Break,0.75
15,2024-03-17,Meal,0.5
15,2024-03-17,On Queue,9.25
15,2024-03-21,Break,0.75
15,2024-03-21,Meal,0.5
15,2024-03-21,On Queue,9.25
15,2024-03-22,Break,0.5
15,2024-03-22,Meal,0.5
15,2024-03-22,Meeting,0.5
15,2024-03-22,On Queue,9.0
15,2024-03-23,Break,0.75
15,2024-03-23,Meal,0.5
15,2024-03-23,On Queue,9.25
15,2024-03-24,Absent,1.4833333333333334
15,2024-03-24,Break,0.75
15,2024-03-24,Meal,0.5
15,2024-03-24,On Queue,7.766666666666667
16,2024-02-26,Break,0.5
16,2024-02-26,Meal,0.5
16,2024-02-26,On Queue,7.5
16,2024-02-27,Break,0.5
16,2024-02-27,Meal,0.5
16,2024-02-27,On Queue,7.5
16,2024-02-28,Break,0.5
16,2024-02-28,Meal,0.5
16,2024-02-28,On Queue,7.5
16,2024-02-29,Break,0.5
16,2024-02-29,Meal,0.5
16,2024-02-29,On Queue,7.5
16,2024-03-04,Break,0.5
16,2024-03-04,Meal,0.5
16,2024-03-04,On Queue,7.5
16,2024-03-05,Break,0.5
16,2024-03-05,Meal,0.5
16,2024-03-05,On Queue,7.5
16,2024-03-06,Break,0.5
16,2024-03-06,Meal,0.5
16,2024-03-06,On Queue,7.5
16,2024-03-07,Break,0.5
16,2024-03-07,Meal,0.5
16,2024-03-07,On Queue,7.5
16,2024-03-08,Break,0.5
16,2024-03-08,Meal,0.5
16,2024-03-08,On Queue,7.5
16,2024-03-11,Break,0.5
16,2024-03-11,Meal,0.5
16,2024-03-11,On Queue,7.5
16,2024-03-12,Break,0.5
16,2024-03-12,Meal,0.5
16,2024-03-12,On Queue,7.5
16,2024-03-13,Break,0.5
16,2024-03-13,Meal,0.5
16,2024-03-13,On Queue,7.5
16,2024-03-14,Break,0.5
16,2024-03-14,Meal,0.5
16,2024-03-14,On Queue,7.5
16,2024-03-15,Break,0.5
16,2024-03-15,Meal,0.5
16,2024-03-15,On Queue,7.5
16,2024-03-18,Break,0.5
16,2024-03-18,Meal,0.5
16,2024-03-18,On Queue,7.5
16,2024-03-19,Break,0.5
16,2024-03-19,Meal,0.5
16,2024-03-19,On Queue,7.5
16,2024-03-20,Break,0.5
16,2024-03-20,Meal,0.5
16,2024-03-20,Meeting,0.5
16,2024-03-20,On Queue,7.0
16,2024-03-21,Break,0.5
16,2024-03-21,Meal,0.5
16,2024-03-21,On Queue,7.5
16,2024-03-22,Break,0.5
16,2024-03-22,Meal,0.5
16,2024-03-22,On Queue,7.5
17,2024-02-26,Break,0.5
17,2024-02-26,Chat Support,2.0
17,2024-02-26,Meal,0.5
17,2024-02-26,On Queue,5.5
17,2024-02-28,Break,0.5
17,2024-02-28,Chat Support,2.0
17,2024-02-28,Meal,0.5
17,2024-02-28,On Queue,5.5
17,2024-02-29,Break,0.5
17,2024-02-29,Chat Support,2.0
17,2024-02-29,Meal,0.5
17,2024-02-29,On Queue,5.5
17,2024-03-01,Break,0.5
17,2024-03-01,Chat Support,2.0
17,2024-03-01,Meal,0.5
17,2024-03-01,On Queue,5.5
17,2024-03-04,Break,0.5
17,2024-03-04,Chat Support,2.0
17,2024-03-04,Meal,0.5
17,2024-03-04,On Queue,5.5
17,2024-03-05,Break,0.5
17,2024-03-05,Chat Support,2.0
17,2024-03-05,Meal,0.5
17,2024-03-05,On Queue,5.5
17,2024-03-07,Break,0.5
17,2024-03-07,Chat Support,2.0
17,2024-03-07,Meal,0.5
17,2024-03-07,On Queue,5.5
17,2024-03-08,Break,0.5
17,2024-03-08,Chat Support,2.0
17,2024-03-08,Meal,0.5
17,2024-03-08,On Queue,5.5
17,2024-03-11,Break,0.5
17,2024-03-11,Chat Support,2.0
17,2024-03-11,Meal,0.5
17,2024-03-11,On Queue,5.5
17,2024-03-12,Break,0.5
17,2024-03-12,Chat Support,2.0
17,2024-03-12,Meal,0.5
17,2024-03-12,On Queue,5.5
17,2024-03-13,Break,0.5
17,2024-03-13,Chat Support,2.0
17,2024-03-13,Meal,0.5
17,2024-03-13,On Queue,5.5
17,2024-03-14,Break,0.5
17,2024-03-14,Chat Support,2.0
17,2024-03-14,Meal,0.5
17,2024-03-14,On Queue,5.5
17,2024-03-15,Break,0.5
17,2024-03-15,Chat Support,2.0
17,2024-03-15,Meal,0.5
17,2024-03-15,On Queue,5.5
17,2024-03-18,Absent,0.5
17,2024-03-18,Break,0.5
17,2024-03-18,Chat Support,2.0
17,2024-03-18,Meal,0.5
17,2024-03-18,On Queue,5.0
17,2024-03-19,Break,0.5
17,2024-03-19,Chat Support,2.0
17,2024-03-19,Meal,0.5
17,2024-03-19,On Queue,5.5
17,2024-03-20,Break,0.5
17,2024-03-20,Chat Support,2.0
17,2024-03-20,Meal,0.5
17,2024-03-20,On Queue,5.5
17,2024-03-21,Break,0.5
17,2024-03-21,Chat Support,2.0
17,2024-03-21,Meal,0.5
17,2024-03-21,On Queue,5.5
17,2024-03-22,Break,0.5
17,2024-03-22,Chat Support,2.0
17,2024-03-22,Meal,0.5
17,2024-03-22,Meeting,0.5
17,2024-03-22,On Queue,5.0
18,2024-02-26,Break,0.5
18,2024-02-26,Meal,0.5
18,2024-02-26,On Queue,7.5
18,2024-02-27,Break,0.5
18,2024-02-27,Meal,0.5
18,2024-02-27,On Queue,7.5
18,2024-02-28,Break,0.5
18,2024-02-28,Meal,0.5
18,2024-02-28,On Queue,7.5
18,2024-02-29,Break,0.5
18,2024-02-29,Meal,0.5
18,2024-02-29,On Queue,7.5
18,2024-03-01,Break,0.5
18,2024-03-01,Meal,0.5
18,2024-03-01,On Queue,7.5
18,2024-03-06,Break,0.5
18,2024-03-06,Meal,0.5
18,2024-03-06,On Queue,7.5
18,2024-03-07,Break,0.5
18,2024-03-07,Meal,0.5
18,2024-03-07,On Queue,7.5
18,2024-03-08,Break,0.5
18,2024-03-08,Meal,0.5
18,2024-03-08,On Queue,7.5
18,2024-03-11,Break,0.5
18,2024-03-11,Meal,0.5
18,2024-03-11,On Queue,7.5
18,2024-03-13,Break,0.5
18,2024-03-13,Meal,0.5
18,2024-03-13,On Queue,7.5
18,2024-03-14,Break,0.5
18,2024-03-14,Meal,0.5
18,2024-03-14,On Queue,7.5
18,2024-03-15,Break,0.5
18,2024-03-15,Meal,0.5
18,2024-03-15,On Queue,7.5
18,2024-03-18,Absent,8.05
18,2024-03-18,On Queue,0.45
18,2024-03-19,Break,0.5
18,2024-03-19,Meal,0.5
18,2024-03-19,On Queue,7.5
18,2024-03-20,Break,0.5
18,2024-03-20,Meal,0.5
18,2024-03-20,On Queue,7.5
18,2024-03-21,Break,0.5
18,2024-03-21,Meal,0.5
18,2024-03-21,Meeting,0.5
18,2024-03-21,On Queue,7.0
18,2024-03-22,Break,0.5
18,2024-03-22,Meal,0.5
18,2024-03-22,On Queue,6.0
18,2024-03-22,Program Training,1.5
19,2024-02-26,Break,0.5
19,2024-02-26,Meal,0.5
19,2024-02-26,On Queue,7.5
19,2024-02-29,Break,0.5
19,2024-02-29,Meal,0.5
19,2024-02-29,On Queue,7.5
19,2024-03-01,Break,0.5
19,2024-03-01,Meal,0.5
19,2024-03-01,On Queue,7.5
19,2024-03-02,Break,0.5
19,2024-03-02,Meal,0.5
19,2024-03-02,On Queue,7.5
19,2024-03-03,Break,0.5
19,2024-03-03,Meal,0.5
19,2024-03-03,On Queue,7.5
19,2024-03-04,Break,0.5
19,2024-03-04,Meal,0.5
19,2024-03-04,On Queue,7.5
19,2024-03-07,Break,0.5
19,2024-03-07,Meal,0.5
19,2024-03-07,On Queue,7.5
19,2024-03-08,Break,0.5
19,2024-03-08,Meal,0.5
19,2024-03-08,On Queue,7.5
19,2024-03-09,Break,0.5
19,2024-03-09,Meal,0.5
19,2024-03-09,On Queue,8.5
19,2024-03-10,Break,0.5
19,2024-03-10,Meal,0.5
19,2024-03-10,On Queue,7.5
19,2024-03-11,Break,0.5
19,2024-03-11,Meal,0.5
19,2024-03-11,On Queue,7.5
19,2024-03-14,Break,0.5
19,2024-03-14,Meal,0.5
19,2024-03-14,On Queue,7.5
19,2024-03-15,Break,0.5
19,2024-03-15,Meal,0.5
19,2024-03-15,On Queue,7.5
19,2024-03-16,Break,0.5
19,2024-03-16,Meal,0.5
19,2024-03-16,On Queue,7.5
19,2024-03-17,Break,0.5
19,2024-03-17,Meal,0.5
19,2024-03-17,On Queue,7.5
19,2024-03-18,Break,0.5
19,2024-03-18,Meal,0.5
19,2024-03-18,On Queue,7.5
19,2024-03-21,Break,0.5
19,2024-03-21,Meal,0.5
19,2024-03-21,Meeting,0.5
19,2024-03-21,On Queue,7.0
19,2024-03-22,Break,0.5
19,2024-03-22,Meal,0.5
19,2024-03-22,On Queue,7.5
19,2024-03-23,Break,0.5
19,2024-03-23,Meal,0.5
19,2024-03-23,On Queue,7.5
19,2024-03-24,Break,0.5
19,2024-03-24,Meal,0.5
19,2024-03-24,On Queue,7.5
21,2024-02-28,Break,0.5
21,2024-02-28,Meal,0.5
21,2024-02-28,On Queue,8.0
21,2024-02-29,Break,0.5
21,2024-02-29,Meal,0.5
21,2024-02-29,On Queue,8.0
21,2024-03-02,Break,0.75
21,2024-03-02,Meal,0.5
21,2024-03-02,On Queue,10.75
21,2024-03-03,Break,0.75
21,2024-03-03,Meal,0.5
21,2024-03-03,On Queue,10.75
21,2024-03-06,Break,0.5
21,2024-03-06,Meal,0.5
21,2024-03-06,On Queue,8.0
21,2024-03-07,Break,0.5
21,2024-03-07,Meal,0.5
21,2024-03-07,On Queue,8.0
21,2024-03-09,Break,0.75
21,2024-03-09,Meal,0.5
21,2024-03-09,On Queue,10.75
21,2024-03-10,Break,0.75
21,2024-03-10,Meal,0.5
21,2024-03-10,On Queue,10.75
21,2024-03-13,Break,0.5
21,2024-03-13,Meal,0.5
21,2024-03-13,On Queue,8.0
21,2024-03-14,Break,0.5
21,2024-03-14,Meal,0.5
21,2024-03-14,On Queue,8.0
21,2024-03-16,Break,0.75
21,2024-03-16,Meal,0.5
21,2024-03-16,On Queue,10.75
21,2024-03-17,Break,0.75
21,2024-03-17,Meal,0.5
21,2024-03-17,On Queue,10.75
21,2024-03-20,Break,0.5
21,2024-03-20,Meal,0.5
21,2024-03-20,On Queue,8.0
21,2024-03-21,Break,0.5
21,2024-03-21,Meal,0.5
21,2024-03-21,On Queue,6.5
21,2024-03-21,Program Training,1.5
21,2024-03-23,Break,0.75
21,2024-03-23,Meal,0.5
21,2024-03-23,On Queue,10.75
21,2024-03-24,Break,0.75
21,2024-03-24,Meal,0.5
21,2024-03-24,On Queue,10.75
23,2024-02-27,Break,0.5
23,2024-02-27,Meal,0.5
23,2024-02-27,On Queue,7.5
23,2024-02-28,Break,0.5
23,2024-02-28,Meal,0.5
23,2024-02-28,On Queue,7.5
23,2024-02-29,Break,0.5
23,2024-02-29,Meal,0.5
23,2024-02-29,On Queue,7.5
23,2024-03-01,Break,0.5
23,2024-03-01,Meal,0.5
23,2024-03-01,On Queue,7.5
23,2024-03-02,Break,0.5
23,2024-03-02,Meal,0.5
23,2024-03-02,On Queue,7.5
23,2024-03-05,Break,0.5
23,2024-03-05,Meal,0.5
23,2024-03-05,On Queue,7.5
23,2024-03-06,Break,0.5
23,2024-03-06,Meal,0.5
23,2024-03-06,On Queue,7.5
23,2024-03-07,Time Off,8.5
23,2024-03-08,Break,0.5
23,2024-03-08,Meal,0.5
23,2024-03-08,On Queue,7.5
23,2024-03-09,Break,0.5
23,2024-03-09,Meal,0.5
23,2024-03-09,On Queue,8.5
23,2024-03-12,Break,0.5
23,2024-03-12,Meal,0.5
23,2024-03-12,On Queue,7.5
23,2024-03-13,Break,0.5
23,2024-03-13,Meal,0.5
23,2024-03-13,On Queue,7.5
23,2024-03-14,Break,0.5
23,2024-03-14,Meal,0.5
23,2024-03-14,On Queue,7.5
23,2024-03-15,Break,0.5
23,2024-03-15,Meal,0.5
23,2024-03-15,On Queue,7.5
23,2024-03-16,Break,0.5
23,2024-03-16,Meal,0.5
23,2024-03-16,On Queue,7.5
23,2024-03-19,Break,0.5
23,2024-03-19,Meal,0.5
23,2024-03-19,On Queue,7.5
23,2024-03-20,Break,0.5
23,2024-03-20,Meal,0.5
23,2024-03-20,Meeting,0.5
23,2024-03-20,On Queue,6.25
23,2024-03-20,Program Training,0.75
23,2024-03-21,Break,0.5
23,2024-03-21,Meal,0.5
23,2024-03-21,On Queue,7.5
23,2024-03-22,Break,0.5
23,2024-03-22,Meal,0.5
23,2024-03-22,On Queue,7.5
23,2024-03-23,Break,0.5
23,2024-03-23,Meal,0.5
23,2024-03-23,On Queue,7.5
24,2024-02-26,Absent,1.5
24,2024-02-26,Break,0.5
24,2024-02-26,Meal,0.5
24,2024-02-26,On Queue,6.0
24,2024-02-27,Break,0.5
24,2024-02-27,Meal,0.5
24,2024-02-27,On Queue,7.5
24,2024-02-28,Break,0.5
24,2024-02-28,Meal,0.5
24,2024-02-28,On Queue,7.5
24,2024-02-29,Break,0.5
24,2024-02-29,Meal,0.5
24,2024-02-29,On Queue,7.5
24,2024-03-01,Break,0.5
24,2024-03-01,Meal,0.5
24,2024-03-01,On Queue,7.5
24,2024-03-04,Break,0.5
24,2024-03-04,Meal,0.5
24,2024-03-04,On Queue,7.5
24,2024-03-05,Break,0.5
24,2024-03-05,Meal,0.5
24,2024-03-05,On Queue,7.5
24,2024-03-06,Break,0.5
24,2024-03-06,Meal,0.5
24,2024-03-06,On Queue,7.5
24,2024-03-07,Break,0.5
24,2024-03-07,Meal,0.5
24,2024-03-07,On Queue,7.5
24,2024-03-08,Break,0.5
24,2024-03-08,Meal,0.5
24,2024-03-08,On Queue,7.5
24,2024-03-11,Break,0.5
24,2024-03-11,Meal,0.5
24,2024-03-11,On Queue,7.5
24,2024-03-12,Break,0.5
24,2024-03-12,Meal,0.5
24,2024-03-12,On Queue,7.5
24,2024-03-13,Absent,1.5
24,2024-03-13,Break,0.5
24,2024-03-13,Meal,0.5
24,2024-03-13,On Queue,6.0
24,2024-03-14,Break,0.5
24,2024-03-14,Meal,0.5
24,2024-03-14,On Queue,7.5
24,2024-03-15,Break,0.5
24,2024-03-15,Meal,0.5
24,2024-03-15,On Queue,7.5
24,2024-03-18,Break,0.5
24,2024-03-18,Meal,0.5
24,2024-03-18,On Queue,7.5
24,2024-03-19,Break,0.5
24,2024-03-19,Meal,0.5
24,2024-03-19,Meeting,0.5
24,2024-03-19,On Queue,7.0
24,2024-03-20,Break,0.5
24,2024-03-20,Meal,0.5
24,2024-03-20,On Queue,7.5
24,2024-03-21,Break,0.5
24,2024-03-21,Meal,0.5
24,2024-03-21,On Queue,7.5
24,2024-03-22,Break,0.5
24,2024-03-22,Meal,0.5
24,2024-03-22,On Queue,7.5
25,2024-02-26,Break,0.5
25,2024-02-26,Meal,0.5
25,2024-02-26,On Queue,7.5
25,2024-02-27,Break,0.5
25,2024-02-27,Meal,0.5
25,2024-02-27,On Queue,7.5
25,2024-02-28,Break,0.5
25,2024-02-28,Meal,0.5
25,2024-02-28,On Queue,7.5
25,2024-02-29,Break,0.5
25,2024-02-29,Meal,0.5
25,2024-02-29,On Queue,7.5
25,2024-03-01,Break,0.5
25,2024-03-01,Meal,0.5
25,2024-03-01,On Queue,7.5
25,2024-03-04,Break,0.5
25,2024-03-04,Meal,0.5
25,2024-03-04,On Queue,7.5
25,2024-03-05,Break,0.5
25,2024-03-05,Meal,0.5
25,2024-03-05,On Queue,7.5
25,2024-03-06,Break,0.5
25,2024-03-06,Meal,0.5
25,2024-03-06,On Queue,7.5
25,2024-03-07,Break,0.5
25,2024-03-07,Meal,0.5
25,2024-03-07,On Queue,7.5
25,2024-03-08,Break,0.5
25,2024-03-08,Meal,0.5
25,2024-03-08,On Queue,7.5
25,2024-03-11,Break,0.5
25,2024-03-11,Meal,0.5
25,2024-03-11,On Queue,7.5
25,2024-03-12,Break,0.5
25,2024-03-12,Meal,0.5
25,2024-03-12,On Queue,7.5
25,2024-03-13,Break,0.5
25,2024-03-13,Meal,0.5
25,2024-03-13,On Queue,7.5
25,2024-03-14,Break,0.5
25,2024-03-14,Meal,0.5
25,2024-03-14,On Queue,7.5
25,2024-03-15,Break,0.5
25,2024-03-15,Meal,0.5
25,2024-03-15,On Queue,7.5
25,2024-03-18,Break,0.5
25,2024-03-18,Meal,0.5
25,2024-03-18,On Queue,7.5
25,2024-03-19,Break,0.5
25,2024-03-19,Meal,0.5
25,2024-03-19,On Queue,7.5
25,2024-03-20,Break,0.5
25,2024-03-20,Meal,0.5
25,2024-03-20,On Queue,7.5
25,2024-03-21,Break,0.5
25,2024-03-21,Meal,0.5
25,2024-03-21,On Queue,7.5
25,2024-03-22,Break,0.5
25,2024-03-22,Meal,0.5
25,2024-03-22,Meeting,0.5
25,2024-03-22,On Queue,7.0
26,2024-02-27,Break,0.5
26,2024-02-27,Meal,0.5
26,2024-02-27,On Queue,7.5
26,2024-02-28,Break,0.5
26,2024-02-28,Meal,0.5
26,2024-02-28,On Queue,7.5
26,2024-02-29,Break,0.5
26,2024-02-29,Meal,0.5
26,2024-02-29,On Queue,7.5
26,2024-03-01,Absent,0.25
26,2024-03-01,Break,0.5
26,2024-03-01,Meal,0.5
26,2024-03-01,On Queue,7.25
26,2024-03-02,Break,0.5
26,2024-03-02,Meal,0.5
26,2024-03-02,Program Training,7.5
26,2024-03-05,Break,0.5
26,2024-03-05,Meal,0.5
26,2024-03-05,On Queue,7.5
26,2024-03-06,Break,0.5
26,2024-03-06,Meal,0.5
26,2024-03-06,On Queue,7.5
26,2024-03-07,Break,0.5
26,2024-03-07,Meal,0.5
26,2024-03-07,On Queue,7.5
26,2024-03-09,Break,0.5
26,2024-03-09,Meal,0.5
26,2024-03-09,Program Training,7.5
26,2024-03-12,Break,0.5
26,2024-03-12,Meal,0.5
26,2024-03-12,On Queue,7.5
26,2024-03-13,Break,0.5
26,2024-03-13,Meal,0.5
26,2024-03-13,On Queue,5.5
26,2024-03-13,Program Training,2.0
26,2024-03-14,Break,0.5
26,2024-03-14,Meal,0.5
26,2024-03-14,On Queue,5.5
26,2024-03-14,Program Training,2.0
26,2024-03-15,Break,0.5
26,2024-03-15,Meal,0.5
26,2024-03-15,On Queue,7.5
26,2024-03-16,Absent,8.5
26,2024-03-19,Break,0.5
26,2024-03-19,Meal,0.5
26,2024-03-19,On Queue,5.5
26,2024-03-19,Program Training,2.0
26,2024-03-20,Break,0.5
26,2024-03-20,Meal,0.5
26,2024-03-20,On Queue,7.5
26,2024-03-21,Break,0.5
26,2024-03-21,Meal,0.5
26,2024-03-21,On Queue,7.5
26,2024-03-22,Break,0.5
26,2024-03-22,Meal,0.5
26,2024-03-22,Meeting,0.5
26,2024-03-22,On Queue,7.0
26,2024-03-23,Break,0.5
26,2024-03-23,Meal,0.5
26,2024-03-23,On Queue,7.5
27,2024-02-27,Break,0.75
27,2024-02-27,Meal,0.5
27,2024-02-27,On Queue,9.25
27,2024-02-28,Break,0.5
27,2024-02-28,Meal,0.5
27,2024-02-28,On Queue,7.0
27,2024-02-28,Time Off,2.5
27,2024-02-29,Break,0.75
27,2024-02-29,Meal,0.5
27,2024-02-29,On Queue,9.25
27,2024-03-01,Break,0.75
27,2024-03-01,Meal,0.5
27,2024-03-01,On Queue,9.25
27,2024-03-02,Break,0.25
27,2024-03-02,On Queue,4.75
27,2024-03-05,Break,0.75
27,2024-03-05,Meal,0.5
27,2024-03-05,On Queue,9.25
27,2024-03-06,Break,0.75
27,2024-03-06,Meal,0.5
27,2024-03-06,On Queue,9.25
27,2024-03-07,Break,0.75
27,2024-03-07,Meal,0.5
27,2024-03-07,On Queue,9.25
27,2024-03-08,Break,0.75
27,2024-03-08,Meal,0.5
27,2024-03-08,On Queue,9.25
27,2024-03-13,Absent,10.5
27,2024-03-14,Break,0.75
27,2024-03-14,Meal,0.5
27,2024-03-14,On Queue,9.25
27,2024-03-15,Break,0.75
27,2024-03-15,Meal,0.5
27,2024-03-15,On Queue,9.25
27,2024-03-19,Break,0.75
27,2024-03-19,Meal,0.5
27,2024-03-19,On Queue,9.25
27,2024-03-20,Break,0.75
27,2024-03-20,Meal,0.5
27,2024-03-20,On Queue,9.25
27,2024-03-21,Break,0.75
27,2024-03-21,Meal,0.5
27,2024-03-21,On Queue,9.25
27,2024-03-22,Break,0.75
27,2024-03-22,Meal,0.5
27,2024-03-22,On Queue,9.25
28,2024-02-26,Break,0.5
28,2024-02-26,Meal,0.5
28,2024-02-26,On Queue,7.5
28,2024-02-27,Break,0.5
28,2024-02-27,Meal,0.5
28,2024-02-27,On Queue,7.5
28,2024-02-28,Break,0.5
28,2024-02-28,Meal,0.5
28,2024-02-28,On Queue,7.5
28,2024-02-29,Absent,4.5
28,2024-02-29,Break,0.25
28,2024-02-29,On Queue,3.75
28,2024-03-01,Break,0.5
28,2024-03-01,Meal,0.5
28,2024-03-01,On Queue,7.5
28,2024-03-04,Absent,2.4833333333333334
28,2024-03-04,Break,0.25
28,2024-03-04,Meal,0.5
28,2024-03-04,On Queue,5.266666666666667
28,2024-03-05,Break,0.25
28,2024-03-05,Meal,0.5
28,2024-03-05,On Queue,7.75
28,2024-03-06,Break,0.5
28,2024-03-06,Meal,0.5
28,2024-03-06,On Queue,7.5
28,2024-03-07,Break,0.5
28,2024-03-07,Meal,0.5
28,2024-03-07,On Queue,7.5
28,2024-03-08,Break,0.5
28,2024-03-08,Meal,0.5
28,2024-03-08,On Queue,7.5
28,2024-03-11,Break,0.5
28,2024-03-11,Meal,0.5
28,2024-03-11,On Queue,7.5
28,2024-03-12,Break,0.5
28,2024-03-12,Meal,0.5
28,2024-03-12,On Queue,7.5
28,2024-03-13,Absent,0.5
28,2024-03-13,Break,0.25
28,2024-03-13,On Queue,5.75
28,2024-03-13,Time Off,2.0
28,2024-03-14,Break,0.5
28,2024-03-14,Meal,0.5
28,2024-03-14,On Queue,7.5
28,2024-03-15,Break,0.25
28,2024-03-15,On Queue,3.75
28,2024-03-15,Time Off,4.5
28,2024-03-18,Break,0.5
28,2024-03-18,Meal,0.5
28,2024-03-18,On Queue,7.5
28,2024-03-19,Break,0.5
28,2024-03-19,Meal,0.5
28,2024-03-19,On Queue,7.5
28,2024-03-20,Break,0.5
28,2024-03-20,Meal,0.5
28,2024-03-20,On Queue,7.5
28,2024-03-21,Absent,3.9166666666666665
28,2024-03-21,Break,0.25
28,2024-03-21,Meeting,0.5
28,2024-03-21,On Queue,3.8333333333333335
28,2024-03-22,Break,0.5
28,2024-03-22,Meal,0.5
28,2024-03-22,On Queue,7.5
29,2024-02-27,Break,0.75
29,2024-02-27,Meal,0.5
29,2024-02-27,On Queue,9.25
29,2024-02-28,Break,0.75
29,2024-02-28,Meal,0.5
29,2024-02-28,On Queue,9.25
29,2024-02-29,Break,0.75
29,2024-02-29,Meal,0.5
29,2024-02-29,On Queue,9.25
29,2024-03-02,Break,0.5
29,2024-03-02,Meal,0.5
29,2024-03-02,Program Training,7.5
29,2024-03-05,Break,0.75
29,2024-03-05,Meal,0.5
29,2024-03-05,On Queue,9.25
29,2024-03-06,Break,0.75
29,2024-03-06,Meal,0.5
29,2024-03-06,On Queue,9.25
29,2024-03-07,Break,0.75
29,2024-03-07,Meal,0.5
29,2024-03-07,On Queue,9.25
29,2024-03-09,Break,0.5
29,2024-03-09,Meal,0.5
29,2024-03-09,Program Training,7.5
29,2024-03-12,Break,0.75
29,2024-03-12,Meal,0.5
29,2024-03-12,On Queue,9.25
29,2024-03-13,Absent,3.216666666666667
29,2024-03-13,Break,0.5
29,2024-03-13,Meal,0.5
29,2024-03-13,On Queue,4.283333333333333
29,2024-03-13,Program Training,2.0
29,2024-03-14,Absent,10.5
29,2024-03-18,Absent,10.5
29,2024-03-19,Absent,10.5
29,2024-03-20,Absent,10.5
29,2024-03-21,Absent,10.5
30,2024-02-26,Break,0.5
30,2024-02-26,Meal,0.5
30,2024-02-26,On Queue,7.5
30,2024-02-27,Break,0.5
30,2024-02-27,Meal,0.5
30,2024-02-27,On Queue,7.5
30,2024-02-28,Break,0.5
30,2024-02-28,Meal,0.5
30,2024-02-28,On Queue,7.5
30,2024-02-29,Break,0.5
30,2024-02-29,Meal,0.5
30,2024-02-29,On Queue,7.5
30,2024-03-03,Break,0.5
30,2024-03-03,Meal,0.5
30,2024-03-03,On Queue,7.5
30,2024-03-05,Break,0.5
30,2024-03-05,Meal,0.5
30,2024-03-05,On Queue,7.5
30,2024-03-06,Break,0.5
30,2024-03-06,Meal,0.5
30,2024-03-06,On Queue,7.5
30,2024-03-07,Absent,2.533333333333333
30,2024-03-07,Break,0.25
30,2024-03-07,On Queue,5.716666666666667
30,2024-03-10,Absent,3.566666666666667
30,2024-03-10,Break,0.5
30,2024-03-10,On Queue,4.433333333333334
30,2024-03-11,Break,0.5
30,2024-03-11,Meal,0.5
30,2024-03-11,On Queue,7.5
30,2024-03-12,Break,0.5
30,2024-03-12,Meal,0.5
30,2024-03-12,On Queue,7.5
30,2024-03-13,Absent,0.8
30,2024-03-13,Break,0.25
30,2024-03-13,Meal,0.5
30,2024-03-13,On Queue,6.95
30,2024-03-14,Break,0.5
30,2024-03-14,Meal,0.5
30,2024-03-14,On Queue,7.5
30,2024-03-17,Absent,8.5
30,2024-03-18,Absent,8.5
30,2024-03-19,Break,0.5
30,2024-03-19,Meal,0.5
30,2024-03-19,On Queue,7.5
30,2024-03-20,Break,0.25
30,2024-03-20,Meeting,0.5
30,2024-03-20,NCNS,4.766666666666667
30,2024-03-20,On Queue,2.9833333333333334
30,2024-03-21,Break,0.5
30,2024-03-21,Meal,0.5
30,2024-03-21,On Queue,7.5
30,2024-03-24,Absent,3.95
30,2024-03-24,Break,0.25
30,2024-03-24,Meal,0.05
30,2024-03-24,On Queue,4.25
31,2024-02-27,Break,0.25
31,2024-02-27,Meal,0.5
31,2024-02-27,On Queue,6.0
31,2024-02-27,Time Off,1.75
31,2024-02-28,Break,0.5
31,2024-02-28,Meal,0.5
31,2024-02-28,On Queue,7.5
31,2024-02-29,Break,0.5
31,2024-02-29,Meal,0.5
31,2024-02-29,On Queue,7.5
31,2024-03-01,Break,0.5
31,2024-03-01,Meal,0.5
31,2024-03-01,On Queue,7.5
31,2024-03-04,Break,0.5
31,2024-03-04,Meal,0.5
31,2024-03-04,On Queue,7.5
31,2024-03-05,Break,0.5
31,2024-03-05,Meal,0.5
31,2024-03-05,On Queue,7.5
31,2024-03-06,Break,0.5
31,2024-03-06,Meal,0.5
31,2024-03-06,On Queue,7.5
31,2024-03-07,Break,0.25
31,2024-03-07,On Queue,4.833333333333334
31,2024-03-07,Time Off,3.4166666666666665
31,2024-03-11,Break,0.5
31,2024-03-11,Meal,0.5
31,2024-03-11,On Queue,7.5
31,2024-03-12,Break,0.5
31,2024-03-12,Meal,0.5
31,2024-03-12,On Queue,7.5
31,2024-03-18,Break,0.5
31,2024-03-18,Meal,0.5
31,2024-03-18,On Queue,7.5
31,2024-03-19,Break,0.5
31,2024-03-19,Meal,0.5
31,2024-03-19,On Queue,7.5
31,2024-03-20,Break,0.5
31,2024-03-20,Meal,0.5
31,2024-03-20,On Queue,7.5
31,2024-03-21,Break,0.5
31,2024-03-21,Meal,0.5
31,2024-03-21,On Queue,7.5
31,2024-03-22,Break,0.5
31,2024-03-22,Meal,0.5
31,2024-03-22,On Queue,7.5
32,2024-02-26,Accommodation,0.5
32,2024-02-26,Break,0.25
32,2024-02-26,On Queue,4.25
32,2024-02-27,Accommodation,0.5
32,2024-02-27,Break,0.25
32,2024-02-27,On Queue,4.25
32,2024-02-28,Accommodation,0.5
32,2024-02-28,Break,0.25
32,2024-02-28,On Queue,4.25
32,2024-02-29,Accommodation,0.5
32,2024-02-29,Break,0.25
32,2024-02-29,On Queue,4.25
32,2024-03-01,Accommodation,0.5
32,2024-03-01,Break,0.25
32,2024-03-01,On Queue,4.25
32,2024-03-04,Accommodation,0.5
32,2024-03-04,Break,0.25
32,2024-03-04,On Queue,4.25
32,2024-03-05,Accommodation,0.5
32,2024-03-05,Break,0.25
32,2024-03-05,On Queue,4.25
32,2024-03-06,Accommodation,0.5
32,2024-03-06,Break,0.25
32,2024-03-06,On Queue,4.25
32,2024-03-07,Accommodation,0.5
32,2024-03-07,Break,0.25
32,2024-03-07,On Queue,4.25
32,2024-03-08,Accommodation,0.5
32,2024-03-08,Break,0.25
32,2024-03-08,On Queue,4.25
32,2024-03-11,Accommodation,0.5
32,2024-03-11,Break,0.25
32,2024-03-11,On Queue,4.25
32,2024-03-12,Absent,1.9166666666666667
32,2024-03-12,Accommodation,0.5
32,2024-03-12,On Queue,2.5833333333333335
32,2024-03-13,Accommodation,0.5
32,2024-03-13,Break,0.25
32,2024-03-13,On Queue,4.25
32,2024-03-14,Accommodation,0.5
32,2024-03-14,Break,0.25
32,2024-03-14,On Queue,4.25
32,2024-03-18,Accommodation,0.5
32,2024-03-18,Break,0.25
32,2024-03-18,On Queue,4.25
32,2024-03-19,Accommodation,0.5
32,2024-03-19,Break,0.25
32,2024-03-19,On Queue,4.25
32,2024-03-20,Accommodation,0.5
32,2024-03-20,Break,0.25
32,2024-03-20,Meeting,0.5
32,2024-03-20,On Queue,3.75
32,2024-03-21,Absent,5.0
32,2024-03-22,Absent,5.0
33,2024-02-26,Break,0.75
33,2024-02-26,Meal,0.5
33,2024-02-26,On Queue,9.25
33,2024-02-27,Break,0.75
33,2024-02-27,Meal,0.5
33,2024-02-27,On Queue,9.25
33,2024-02-28,Break,0.75
33,2024-02-28,Meal,0.5
33,2024-02-28,On Queue,9.25
33,2024-03-02,Break,0.5
33,2024-03-02,Extra Hours,7.5
33,2024-03-02,Meal,0.5
33,2024-03-03,Break,0.75
33,2024-03-03,Meal,0.5
33,2024-03-03,On Queue,9.25
33,2024-03-04,Break,0.75
33,2024-03-04,Meal,0.5
33,2024-03-04,On Queue,9.25
33,2024-03-05,Break,0.75
33,2024-03-05,Meal,0.5
33,2024-03-05,On Queue,9.25
33,2024-03-06,Break,0.75
33,2024-03-06,Meal,0.5
33,2024-03-06,On Queue,9.25
33,2024-03-10,Break,0.75
33,2024-03-10,Meal,0.5
33,2024-03-10,On Queue,9.25
33,2024-03-11,Break,0.75
33,2024-03-11,Meal,0.5
33,2024-03-11,On Queue,9.25
33,2024-03-12,Break,0.75
33,2024-03-12,Meal,0.5
33,2024-03-12,On Queue,9.25
33,2024-03-13,Break,0.75
33,2024-03-13,Meal,0.5
33,2024-03-13,On Queue,9.25
33,2024-03-17,Break,0.75
33,2024-03-17,Meal,0.5
33,2024-03-17,On Queue,9.25
33,2024-03-18,Break,0.75
33,2024-03-18,Meal,0.5
33,2024-03-18,On Queue,9.25
33,2024-03-19,Break,0.75
33,2024-03-19,Meal,0.5
33,2024-03-19,On Queue,9.25
33,2024-03-20,Break,0.75
33,2024-03-20,Meal,0.5
33,2024-03-20,Meeting,0.5
33,2024-03-20,On Queue,8.75
33,2024-03-24,Absent,10.5
34,2024-02-26,Break,0.5
34,2024-02-26,Meal,0.5
34,2024-02-26,On Queue,7.5
34,2024-02-27,Break,0.5
34,2024-02-27,Meal,0.5
34,2024-02-27,On Queue,7.5
34,2024-03-04,Break,0.5
34,2024-03-04,Meal,0.5
34,2024-03-04,On Queue,7.5
34,2024-03-05,Break,0.5
34,2024-03-05,Meal,0.5
34,2024-03-05,On Queue,7.5
34,2024-03-06,Break,0.5
34,2024-03-06,Meal,0.5
34,2024-03-06,On Queue,7.5
34,2024-03-07,Break,0.5
34,2024-03-07,Meal,0.5
34,2024-03-07,On Queue,7.5
34,2024-03-08,Break,0.5
34,2024-03-08,Meal,0.5
34,2024-03-08,On Queue,7.5
34,2024-03-11,Break,0.5
34,2024-03-11,Meal,0.5
34,2024-03-11,On Queue,7.5
34,2024-03-12,Break,0.5
34,2024-03-12,Meal,0.5
34,2024-03-12,On Queue,7.5
34,2024-03-13,Break,0.5
34,2024-03-13,Meal,0.5
34,2024-03-13,On Queue,7.5
34,2024-03-14,Break,0.5
34,2024-03-14,Meal,0.5
34,2024-03-14,On Queue,7.5
34,2024-03-15,Break,0.5
34,2024-03-15,Meal,0.5
34,2024-03-15,On Queue,7.5
34,2024-03-18,Absent,8.333333333333334
34,2024-03-18,On Queue,0.16666666666666666
34,2024-03-19,Absent,8.5
34,2024-03-20,Absent,8.5
34,2024-03-21,Break,0.5
34,2024-03-21,Meal,0.5
34,2024-03-21,On Queue,7.5
34,2024-03-22,Break,0.5
34,2024-03-22,Meal,0.5
34,2024-03-22,Meeting,0.5
34,2024-03-22,On Queue,7.0
35,2024-02-27,Break,0.5
35,2024-02-27,Meal,0.5
35,2024-02-27,On Queue,7.5
35,2024-02-28,Break,0.5
35,2024-02-28,Meal,0.5
35,2024-02-28,On Queue,7.5
35,2024-02-29,Break,0.5
35,2024-02-29,Meal,0.5
35,2024-02-29,On Queue,7.5
35,2024-03-01,Break,0.5
35,2024-03-01,Meal,0.5
35,2024-03-01,On Queue,7.5
35,2024-03-04,Break,0.5
35,2024-03-04,Meal,0.5
35,2024-03-04,On Queue,7.5
35,2024-03-05,Absent,1.0
35,2024-03-05,Break,0.25
35,2024-03-05,Meal,0.5
35,2024-03-05,On Queue,6.75
35,2024-03-06,Break,0.5
35,2024-03-06,Meal,0.5
35,2024-03-06,On Queue,7.5
35,2024-03-07,Break,0.5
35,2024-03-07,Meal,0.5
35,2024-03-07,On Queue,7.5
35,2024-03-08,Break,0.5
35,2024-03-08,Meal,0.5
35,2024-03-08,On Queue,7.5
35,2024-03-11,Break,0.5
35,2024-03-11,Meal,0.5
35,2024-03-11,On Queue,7.5
35,2024-03-12,Absent,0.5
35,2024-03-12,Break,0.25
35,2024-03-12,Meal,0.5
35,2024-03-12,On Queue,7.25
35,2024-03-13,Break,0.5
35,2024-03-13,Meal,0.5
35,2024-03-13,On Queue,7.5
35,2024-03-14,Absent,1.0
35,2024-03-14,Break,0.5
35,2024-03-14,Meal,0.5
35,2024-03-14,On Queue,6.5
35,2024-03-15,Break,0.5
35,2024-03-15,Meal,0.5
35,2024-03-15,On Queue,7.5
35,2024-03-18,Break,0.5
35,2024-03-18,Meal,0.5
35,2024-03-18,On Queue,7.5
35,2024-03-19,Break,0.5
35,2024-03-19,Meal,0.5
35,2024-03-19,On Queue,7.5
35,2024-03-20,Break,0.5
35,2024-03-20,Meal,0.5
35,2024-03-20,Meeting,0.5
35,2024-03-20,On Queue,7.0
35,2024-03-21,Absent,1.0
35,2024-03-21,Break,0.25
35,2024-03-21,Meal,0.5
35,2024-03-21,On Queue,6.75
35,2024-03-22,Break,0.5
35,2024-03-22,Meal,0.5
35,2024-03-22,On Queue,7.5
36,2024-02-26,Break,0.5
36,2024-02-26,Meal,0.5
36,2024-02-26,On Queue,7.5
36,2024-02-27,Break,0.5
36,2024-02-27,Meal,0.5
36,2024-02-27,On Queue,7.5
36,2024-02-28,Break,0.5
36,2024-02-28,Meal,0.5
36,2024-02-28,On Queue,7.5
36,2024-02-29,Break,0.5
36,2024-02-29,Meal,0.5
36,2024-02-29,On Queue,7.5
36,2024-03-01,Break,0.5
36,2024-03-01,Meal,0.5
36,2024-03-01,On Queue,7.5
36,2024-03-04,Break,0.5
36,2024-03-04,Meal,0.5
36,2024-03-04,On Queue,7.5
36,2024-03-05,Break,0.5
36,2024-03-05,Meal,0.5
36,2024-03-05,On Queue,7.5
36,2024-03-06,Break,0.5
36,2024-03-06,Meal,0.5
36,2024-03-06,On Queue,7.5
36,2024-03-07,Break,0.5
36,2024-03-07,Meal,0.5
36,2024-03-07,On Queue,7.5
36,2024-03-08,Break,0.5
36,2024-03-08,Meal,0.5
36,2024-03-08,On Queue,7.5
36,2024-03-11,Break,0.5
36,2024-03-11,Meal,0.5
36,2024-03-11,On Queue,7.5
36,2024-03-12,Break,0.5
36,2024-03-12,Meal,0.5
36,2024-03-12,On Queue,7.5
36,2024-03-13,Break,0.5
36,2024-03-13,Meal,0.5
36,2024-03-13,On Queue,7.5
36,2024-03-14,Break,0.5
36,2024-03-14,Meal,0.5
36,2024-03-14,On Queue,7.5
36,2024-03-15,Break,0.5
36,2024-03-15,Meal,0.5
36,2024-03-15,On Queue,7.5
36,2024-03-18,Break,0.5
36,2024-03-18,Meal,0.5
36,2024-03-18,On Queue,7.5
36,2024-03-19,Break,0.5
36,2024-03-19,Meal,0.5
36,2024-03-19,Meeting,0.5
36,2024-03-19,On Queue,7.0
36,2024-03-20,Break,0.5
36,2024-03-20,Meal,0.5
36,2024-03-20,On Queue,7.5
36,2024-03-21,Break,0.5
36,2024-03-21,Meal,0.5
36,2024-03-21,On Queue,7.5
36,2024-03-22,Break,0.5
36,2024-03-22,Meal,0.5
36,2024-03-22,On Queue,6.666666666666666
36,2024-03-22,Program Training,0.8333333333333334
37,2024-02-26,Break,0.5
37,2024-02-26,Meal,0.5
37,2024-02-26,On Queue,7.5
37,2024-02-27,Break,0.5
37,2024-02-27,Meal,0.5
37,2024-02-27,On Queue,7.5
37,2024-02-28,Break,0.5
37,2024-02-28,Meal,0.5
37,2024-02-28,On Queue,7.5
37,2024-02-29,Break,0.5
37,2024-02-29,Meal,0.5
37,2024-02-29,On Queue,7.5
37,2024-03-01,Break,0.5
37,2024-03-01,Meal,0.5
37,2024-03-01,On Queue,7.5
37,2024-03-04,Break,0.5
37,2024-03-04,Meal,0.5
37,2024-03-04,On Queue,7.5
37,2024-03-05,Break,0.5
37,2024-03-05,Meal,0.5
37,2024-03-05,On Queue,7.5
37,2024-03-06,Break,0.5
37,2024-03-06,Meal,0.5
37,2024-03-06,On Queue,7.5
37,2024-03-07,Break,0.5
37,2024-03-07,Meal,0.5
37,2024-03-07,On Queue,7.5
37,2024-03-08,Break,0.5
37,2024-03-08,Meal,0.5
37,2024-03-08,On Queue,7.5
37,2024-03-11,Break,0.5
37,2024-03-11,Meal,0.5
37,2024-03-11,On Queue,7.5
37,2024-03-12,Break,0.5
37,2024-03-12,Meal,0.5
37,2024-03-12,On Queue,7.5
37,2024-03-13,Break,0.5
37,2024-03-13,Meal,0.5
37,2024-03-13,On Queue,7.5
37,2024-03-14,Break,0.5
37,2024-03-14,Meal,0.5
37,2024-03-14,On Queue,7.5
37,2024-03-15,Break,0.5
37,2024-03-15,Meal,0.5
37,2024-03-15,On Queue,7.5
37,2024-03-18,Absent,8.5
37,2024-03-19,Break,0.5
37,2024-03-19,Meal,0.5
37,2024-03-19,On Queue,7.5
37,2024-03-20,Break,0.5
37,2024-03-20,Meal,0.5
37,2024-03-20,Meeting,0.5
37,2024-03-20,On Queue,7.0
37,2024-03-21,Break,0.5
37,2024-03-21,Meal,0.5
37,2024-03-21,On Queue,7.5
37,2024-03-22,Break,0.5
37,2024-03-22,Meal,0.5
37,2024-03-22,On Queue,7.5
38,2024-02-26,Break,0.5
38,2024-02-26,Meal,0.5
38,2024-02-26,On Queue,7.5
38,2024-02-27,Break,0.5
38,2024-02-27,Meal,0.5
38,2024-02-27,On Queue,7.5
38,2024-02-28,Break,0.5
38,2024-02-28,Meal,0.5
38,2024-02-28,On Queue,7.5
38,2024-02-29,Break,0.5
38,2024-02-29,Meal,0.5
38,2024-02-29,On Queue,7.5
38,2024-03-01,Break,0.5
38,2024-03-01,Meal,0.5
38,2024-03-01,On Queue,7.5
38,2024-03-04,Break,0.5
38,2024-03-04,Meal,0.5
38,2024-03-04,On Queue,7.5
38,2024-03-05,Break,0.5
38,2024-03-05,Meal,0.5
38,2024-03-05,On Queue,7.5
38,2024-03-06,Break,0.5
38,2024-03-06,Meal,0.5
38,2024-03-06,On Queue,7.5
38,2024-03-07,Break,0.5
38,2024-03-07,Meal,0.5
38,2024-03-07,On Queue,7.5
38,2024-03-08,Break,0.5
38,2024-03-08,Meal,0.5
38,2024-03-08,On Queue,7.5
38,2024-03-11,Break,0.5
38,2024-03-11,Meal,0.5
38,2024-03-11,On Queue,7.5
38,2024-03-12,Break,0.5
38,2024-03-12,Meal,0.5
38,2024-03-12,On Queue,7.5
38,2024-03-13,Break,0.5
38,2024-03-13,Meal,0.5
38,2024-03-13,On Queue,7.5
38,2024-03-14,Break,0.5
38,2024-03-14,Meal,0.5
38,2024-03-14,On Queue,7.5
38,2024-03-15,Break,0.5
38,2024-03-15,Meal,0.5
38,2024-03-15,On Queue,7.5
38,2024-03-18,Break,0.5
38,2024-03-18,Meal,0.5
38,2024-03-18,On Queue,7.5
38,2024-03-19,Break,0.5
38,2024-03-19,Meal,0.5
38,2024-03-19,On Queue,7.5
38,2024-03-20,Break,0.5
38,2024-03-20,Meal,0.5
38,2024-03-20,On Queue,7.5
38,2024-03-21,Break,0.5
38,2024-03-21,Meal,0.5
38,2024-03-21,On Queue,7.5
38,2024-03-22,Break,0.5
38,2024-03-22,Meal,0.5
38,2024-03-22,On Queue,7.5
39,2024-02-26,Break,0.5
39,2024-02-26,Meal,0.5
39,2024-02-26,On Queue,7.5
39,2024-02-27,Break,0.5
39,2024-02-27,Meal,0.5
39,2024-02-27,On Queue,7.5
39,2024-02-28,Break,0.5
39,2024-02-28,Meal,0.5
39,2024-02-28,On Queue,7.5
39,2024-02-29,Break,0.5
39,2024-02-29,Meal,0.5
39,2024-02-29,On Queue,7.5
39,2024-03-01,Break,0.5
39,2024-03-01,Meal,0.5
39,2024-03-01,On Queue,7.5
39,2024-03-04,Break,0.5
39,2024-03-04,Meal,0.5
39,2024-03-04,On Queue,7.5
39,2024-03-05,Absent,3.5
39,2024-03-05,Break,0.25
39,2024-03-05,Meal,0.5
39,2024-03-05,On Queue,4.25
39,2024-03-06,Break,0.5
39,2024-03-06,Meal,0.5
39,2024-03-06,On Queue,7.5
39,2024-03-07,Break,0.5
39,2024-03-07,Meal,0.5
39,2024-03-07,On Queue,7.5
39,2024-03-08,Break,0.5
39,2024-03-08,Meal,0.5
39,2024-03-08,On Queue,7.5
39,2024-03-11,Break,0.5
39,2024-03-11,Meal,0.5
39,2024-03-11,On Queue,7.5
39,2024-03-12,Break,0.5
39,2024-03-12,Meal,0.5
39,2024-03-12,On Queue,7.5
39,2024-03-13,Break,0.5
39,2024-03-13,Meal,0.5
39,2024-03-13,On Queue,7.5
39,2024-03-14,Break,0.5
39,2024-03-14,Meal,0.5
39,2024-03-14,On Queue,7.5
39,2024-03-15,Break,0.5
39,2024-03-15,Meal,0.5
39,2024-03-15,On Queue,7.5
39,2024-03-18,Break,0.5
39,2024-03-18,Meal,0.5
39,2024-03-18,On Queue,7.5
39,2024-03-19,Break,0.5
39,2024-03-19,Meal,0.5
39,2024-03-19,On Queue,7.5
39,2024-03-20,Break,0.5
39,2024-03-20,Meal,0.5
39,2024-03-20,On Queue,7.5
39,2024-03-22,Break,0.5
39,2024-03-22,Meal,0.5
39,2024-03-22,Meeting,0.5
39,2024-03-22,On Queue,5.5
39,2024-03-22,Program Training,1.5
40,2024-02-26,Break,0.5
40,2024-02-26,On Queue,4.5
40,2024-02-27,Break,0.5
40,2024-02-27,On Queue,4.5
40,2024-02-28,Break,0.5
40,2024-02-28,On Queue,4.5
40,2024-02-29,Break,0.5
40,2024-02-29,On Queue,4.5
40,2024-03-01,Break,0.5
40,2024-03-01,On Queue,4.5
40,2024-03-04,Absent,0.36666666666666664
40,2024-03-04,Break,0.5
40,2024-03-04,On Queue,4.133333333333333
40,2024-03-05,Break,0.5
40,2024-03-05,On Queue,4.5
40,2024-03-06,Break,0.5
40,2024-03-06,On Queue,4.5
40,2024-03-07,Break,0.5
40,2024-03-07,On Queue,4.5
40,2024-03-08,Break,0.5
40,2024-03-08,On Queue,4.5
40,2024-03-11,Break,0.5
40,2024-03-11,On Queue,4.5
40,2024-03-12,Break,0.5
40,2024-03-12,On Queue,4.5
40,2024-03-13,Break,0.5
40,2024-03-13,On Queue,4.5
40,2024-03-14,Break,0.5
40,2024-03-14,On Queue,4.5
40,2024-03-15,Break,0.5
40,2024-03-15,On Queue,4.5
40,2024-03-18,Break,0.5
40,2024-03-18,On Queue,4.5
40,2024-03-19,Break,0.5
40,2024-03-19,On Queue,4.5
40,2024-03-20,Break,0.5
40,2024-03-20,On Queue,4.5
40,2024-03-21,Break,0.5
40,2024-03-21,On Queue,4.5
40,2024-03-22,Break,0.25
40,2024-03-22,Meeting,0.5
40,2024-03-22,On Queue,4.25
41,2024-02-27,Break,0.5
41,2024-02-27,Meal,0.5
41,2024-02-27,On Queue,7.5
41,2024-02-28,Break,0.5
41,2024-02-28,Meal,0.5
41,2024-02-28,On Queue,7.5
41,2024-02-29,Break,0.5
41,2024-02-29,Meal,0.5
41,2024-02-29,On Queue,7.5
41,2024-03-01,Break,0.5
41,2024-03-01,Meal,0.5
41,2024-03-01,On Queue,7.5
41,2024-03-02,Break,0.5
41,2024-03-02,Meal,0.5
41,2024-03-02,On Queue,7.5
41,2024-03-05,Break,0.5
41,2024-03-05,Meal,0.5
41,2024-03-05,On Queue,7.5
41,2024-03-06,Break,0.5
41,2024-03-06,Meal,0.5
41,2024-03-06,On Queue,7.5
41,2024-03-07,Break,0.5
41,2024-03-07,Meal,0.5
41,2024-03-07,On Queue,7.5
41,2024-03-08,Break,0.5
41,2024-03-08,Meal,0.5
41,2024-03-08,On Queue,7.5
41,2024-03-09,Break,0.5
41,2024-03-09,Meal,0.5
41,2024-03-09,On Queue,7.5
41,2024-03-13,Break,0.5
41,2024-03-13,Meal,0.5
41,2024-03-13,On Queue,7.5
41,2024-03-14,Break,0.5
41,2024-03-14,Meal,0.5
41,2024-03-14,On Queue,7.5
41,2024-03-15,Break,0.5
41,2024-03-15,Meal,0.5
41,2024-03-15,On Queue,7.5
41,2024-03-16,Break,0.5
41,2024-03-16,Meal,0.5
41,2024-03-16,On Queue,7.5
41,2024-03-19,Break,0.5
41,2024-03-19,Meal,0.5
41,2024-03-19,On Queue,7.5
41,2024-03-20,Break,0.5
41,2024-03-20,Meal,0.5
41,2024-03-20,Meeting,0.5
41,2024-03-20,On Queue,7.0
41,2024-03-21,Break,0.5
41,2024-03-21,Meal,0.5
41,2024-03-21,On Queue,6.0
41,2024-03-21,Program Training,1.5
41,2024-03-22,Break,0.5
41,2024-03-22,Meal,0.5
41,2024-03-22,On Queue,7.5
41,2024-03-23,Break,0.5
41,2024-03-23,Meal,0.5
41,2024-03-23,On Queue,7.5
41,2024-03-24,Break,0.25
41,2024-03-24,Extra Hours,3.75
43,2024-02-26,Break,0.5
43,2024-02-26,Meal,0.5
43,2024-02-26,On Queue,7.5
43,2024-02-27,Break,0.5
43,2024-02-27,Meal,0.5
43,2024-02-27,On Queue,7.5
43,2024-02-28,Break,0.5
43,2024-02-28,Meal,0.5
43,2024-02-28,On Queue,7.5
43,2024-02-29,Break,0.5
43,2024-02-29,Meal,0.5
43,2024-02-29,On Queue,7.5
43,2024-03-01,Break,0.5
43,2024-03-01,Meal,0.5
43,2024-03-01,On Queue,7.5
43,2024-03-04,Break,0.5
43,2024-03-04,Meal,0.5
43,2024-03-04,On Queue,7.5
43,2024-03-05,Break,0.5
43,2024-03-05,Meal,0.5
43,2024-03-05,On Queue,7.5
43,2024-03-06,Break,0.5
43,2024-03-06,Meal,0.5
43,2024-03-06,On Queue,7.5
43,2024-03-07,Break,0.5
43,2024-03-07,Meal,0.5
43,2024-03-07,On Queue,7.5
43,2024-03-08,Break,0.5
43,2024-03-08,Meal,0.5
43,2024-03-08,On Queue,7.5
43,2024-03-11,Break,0.5
43,2024-03-11,Meal,0.5
43,2024-03-11,On Queue,7.5
43,2024-03-12,Break,0.5
43,2024-03-12,Meal,0.5
43,2024-03-12,On Queue,7.5
43,2024-03-13,Break,0.5
43,2024-03-13,Meal,0.5
43,2024-03-13,On Queue,7.5
43,2024-03-14,Break,0.5
43,2024-03-14,Meal,0.5
43,2024-03-14,On Queue,7.5
43,2024-03-15,Break,0.5
43,2024-03-15,Meal,0.5
43,2024-03-15,On Queue,7.5
43,2024-03-18,Absent,0.2833333333333333
43,2024-03-18,Break,0.5
43,2024-03-18,Meal,0.5
43,2024-03-18,On Queue,7.216666666666667
43,2024-03-19,Break,0.5
43,2024-03-19,Meal,0.5
43,2024-03-19,Meeting,0.5
43,2024-03-19,On Queue,7.0
43,2024-03-20,Break,0.5
43,2024-03-20,Meal,0.5
43,2024-03-20,On Queue,7.5
43,2024-03-21,Break,0.5
43,2024-03-21,Meal,0.5
43,2024-03-21,On Queue,7.5
43,2024-03-22,Break,0.5
43,2024-03-22,Meal,0.5
43,2024-03-22,On Queue,7.5
44,2024-02-26,Break,0.5
44,2024-02-26,Meal,0.5
44,2024-02-26,On Queue,8.5
44,2024-02-27,Break,0.5
44,2024-02-27,Meal,0.5
44,2024-02-27,On Queue,8.5
44,2024-02-28,Break,0.5
44,2024-02-28,Meal,0.5
44,2024-02-28,On Queue,8.5
44,2024-02-29,Break,0.5
44,2024-02-29,Meal,0.5
44,2024-02-29,On Queue,8.5
44,2024-03-01,Break,0.25
44,2024-03-01,On Queue,3.75
44,2024-03-04,Break,0.5
44,2024-03-04,Meal,0.5
44,2024-03-04,On Queue,8.5
44,2024-03-05,Absent,6.15
44,2024-03-05,Break,0.25
44,2024-03-05,On Queue,3.1
44,2024-03-07,Break,0.5
44,2024-03-07,Meal,0.5
44,2024-03-07,On Queue,8.5
44,2024-03-08,Break,0.25
44,2024-03-08,On Queue,3.75
44,2024-03-11,Break,0.5
44,2024-03-11,Meal,0.5
44,2024-03-11,On Queue,8.5
44,2024-03-12,Break,0.5
44,2024-03-12,Meal,0.5
44,2024-03-12,On Queue,8.5
44,2024-03-13,Break,0.5
44,2024-03-13,Meal,0.5
44,2024-03-13,On Queue,8.5
44,2024-03-14,Break,0.5
44,2024-03-14,Meal,0.5
44,2024-03-14,On Queue,8.5
44,2024-03-15,Break,0.25
44,2024-03-15,On Queue,3.75
44,2024-03-18,Break,0.5
44,2024-03-18,Meal,0.5
44,2024-03-18,On Queue,8.5
44,2024-03-19,Break,0.5
44,2024-03-19,Meal,0.5
44,2024-03-19,On Queue,8.5
44,2024-03-20,Break,0.5
44,2024-03-20,Meal,0.5
44,2024-03-20,Meeting,0.5
44,2024-03-20,On Queue,8.0
44,2024-03-21,Absent,9.5
44,2024-03-22,Absent,4.0
45,2024-02-26,Accommodation,0.08333333333333333
45,2024-02-26,Break,0.5
45,2024-02-26,Meal,0.5
45,2024-02-26,On Queue,7.416666666666667
45,2024-02-27,Accommodation,0.08333333333333333
45,2024-02-27,Break,0.5
45,2024-02-27,Meal,0.5
45,2024-02-27,On Queue,7.416666666666667
45,2024-02-28,Accommodation,0.08333333333333333
45,2024-02-28,Break,0.5
45,2024-02-28,Meal,0.5
45,2024-02-28,On Queue,7.416666666666667
45,2024-02-29,Accommodation,0.08333333333333333
45,2024-02-29,Break,0.5
45,2024-02-29,Meal,0.5
45,2024-02-29,On Queue,7.416666666666667
45,2024-03-01,Accommodation,0.08333333333333333
45,2024-03-01,Break,0.5
45,2024-03-01,Meal,0.5
45,2024-03-01,On Queue,6.866666666666667
45,2024-03-01,Time Off,0.55
45,2024-03-04,Accommodation,0.08333333333333333
45,2024-03-04,Break,0.5
45,2024-03-04,Meal,0.5
45,2024-03-04,On Queue,7.416666666666667
45,2024-03-05,Accommodation,0.08333333333333333
45,2024-03-05,Break,0.5
45,2024-03-05,Meal,0.5
45,2024-03-05,On Queue,7.416666666666667
45,2024-03-06,Accommodation,0.08333333333333333
45,2024-03-06,Break,0.5
45,2024-03-06,Meal,0.5
45,2024-03-06,On Queue,7.416666666666667
45,2024-03-07,Accommodation,0.08333333333333333
45,2024-03-07,Break,0.5
45,2024-03-07,Meal,0.5
45,2024-03-07,On Queue,7.416666666666667
45,2024-03-08,Accommodation,0.08333333333333333
45,2024-03-08,Break,0.25
45,2024-03-08,Extra Hours,2.0
45,2024-03-08,Meal,0.5
45,2024-03-08,On Queue,6.066666666666666
45,2024-03-08,Split,3.5
45,2024-03-08,Time Off,1.6
45,2024-03-09,Break,0.25
45,2024-03-09,Extra Hours,4.25
45,2024-03-11,Accommodation,0.08333333333333333
45,2024-03-11,Break,0.5
45,2024-03-11,Meal,0.5
45,2024-03-11,On Queue,7.416666666666667
45,2024-03-12,Accommodation,0.08333333333333333
45,2024-03-12,Break,0.5
45,2024-03-12,Meal,0.5
45,2024-03-12,On Queue,7.416666666666667
45,2024-03-13,Accommodation,0.08333333333333333
45,2024-03-13,Break,0.5
45,2024-03-13,Meal,0.5
45,2024-03-13,On Queue,7.416666666666667
45,2024-03-14,Accommodation,0.08333333333333333
45,2024-03-14,Break,0.5
45,2024-03-14,Meal,0.5
45,2024-03-14,On Queue,7.416666666666667
45,2024-03-15,Accommodation,0.08333333333333333
45,2024-03-15,Break,0.5
45,2024-03-15,Meal,0.5
45,2024-03-15,On Queue,7.416666666666667
45,2024-03-18,Accommodation,0.08333333333333333
45,2024-03-18,Break,0.5
45,2024-03-18,Meal,0.5
45,2024-03-18,On Queue,7.416666666666667
45,2024-03-19,Accommodation,0.08333333333333333
45,2024-03-19,Break,0.5
45,2024-03-19,Meal,0.5
45,2024-03-19,On Queue,7.416666666666667
45,2024-03-20,Accommodation,0.08333333333333333
45,2024-03-20,Break,0.5
45,2024-03-20,Meal,0.5
45,2024-03-20,Meeting,0.5
45,2024-03-20,On Queue,6.916666666666667
45,2024-03-21,Accommodation,0.08333333333333333
45,2024-03-21,Break,0.5
45,2024-03-21,Meal,0.5
45,2024-03-21,On Queue,7.416666666666667
45,2024-03-22,Accommodation,0.08333333333333333
45,2024-03-22,Break,0.5
45,2024-03-22,Meal,0.5
45,2024-03-22,On Queue,7.416666666666667
46,2024-02-26,Break,0.5
46,2024-02-26,Meal,0.5
46,2024-02-26,On Queue,7.5
46,2024-02-27,Break,0.5
46,2024-02-27,Meal,0.5
46,2024-02-27,On Queue,7.5
46,2024-02-28,Break,0.5
46,2024-02-28,Meal,0.5
46,2024-02-28,On Queue,7.5
46,2024-02-29,Break,0.5
46,2024-02-29,Meal,0.5
46,2024-02-29,On Queue,7.5
46,2024-03-01,Absent,1.2333333333333334
46,2024-03-01,Break,0.5
46,2024-03-01,Meal,0.5
46,2024-03-01,On Queue,6.266666666666667
46,2024-03-04,Break,0.5
46,2024-03-04,Meal,0.5
46,2024-03-04,On Queue,7.5
46,2024-03-05,Break,0.5
46,2024-03-05,Meal,0.5
46,2024-03-05,On Queue,7.5
46,2024-03-06,Absent,0.95
46,2024-03-06,Break,0.5
46,2024-03-06,Meal,0.5
46,2024-03-06,On Queue,7.05
46,2024-03-07,Break,0.5
46,2024-03-07,Meal,0.5
46,2024-03-07,On Queue,7.5
46,2024-03-08,Break,0.5
46,2024-03-08,Meal,0.5
46,2024-03-08,On Queue,7.5
46,2024-03-11,Break,0.5
46,2024-03-11,Meal,0.5
46,2024-03-11,On Queue,7.5
46,2024-03-12,Break,0.5
46,2024-03-12,Meal,0.5
46,2024-03-12,On Queue,7.5
46,2024-03-13,Break,0.5
46,2024-03-13,Meal,0.5
46,2024-03-13,On Queue,7.5
46,2024-03-14,Break,0.5
46,2024-03-14,Meal,0.5
46,2024-03-14,On Queue,7.5
46,2024-03-15,Absent,3.5166666666666666
46,2024-03-15,Break,0.25
46,2024-03-15,Meal,0.5
46,2024-03-15,On Queue,4.233333333333333
46,2024-03-18,Break,0.5
46,2024-03-18,Meal,0.5
46,2024-03-18,On Queue,7.5
46,2024-03-19,Break,0.5
46,2024-03-19,Meal,0.5
46,2024-03-19,Meeting,0.5
46,2024-03-19,On Queue,7.0
46,2024-03-20,Absent,0.5
46,2024-03-20,Break,0.5
46,2024-03-20,Meal,0.5
46,2024-03-20,On Queue,7.0
46,2024-03-21,Break,0.5
46,2024-03-21,Meal,0.5
46,2024-03-21,On Queue,7.5
46,2024-03-22,Break,0.5
46,2024-03-22,Meal,0.5
46,2024-03-22,On Queue,6.0
46,2024-03-22,Program Training,1.5
47,2024-02-28,Break,0.5
47,2024-02-28,Meal,0.5
47,2024-02-28,On Queue,7.5
47,2024-02-29,Break,0.5
47,2024-02-29,Meal,0.5
47,2024-02-29,On Queue,7.5
47,2024-03-04,Break,0.5
47,2024-03-04,Meal,0.5
47,2024-03-04,On Queue,7.5
47,2024-03-05,Absent,1.7833333333333334
47,2024-03-05,Break,0.25
47,2024-03-05,Meal,0.5
47,2024-03-05,On Queue,5.966666666666667
47,2024-03-08,Absent,3.65
47,2024-03-08,Break,0.25
47,2024-03-08,Meal,0.5
47,2024-03-08,On Queue,4.1
47,2024-03-11,Absent,8.5
47,2024-03-13,Break,0.5
47,2024-03-13,Meal,0.5
47,2024-03-13,On Queue,7.5
47,2024-03-14,Break,0.5
47,2024-03-14,Meal,0.5
47,2024-03-14,On Queue,7.5
47,2024-03-15,Break,0.5
47,2024-03-15,Meal,0.5
47,2024-03-15,On Queue,7.5
47,2024-03-18,Absent,2.2333333333333334
47,2024-03-18,Break,0.25
47,2024-03-18,Meal,0.5
47,2024-03-18,On Queue,5.516666666666667
47,2024-03-19,Break,0.5
47,2024-03-19,Meal,0.5
47,2024-03-19,On Queue,7.5
47,2024-03-20,Break,0.5
47,2024-03-20,Meal,0.5
47,2024-03-20,Meeting,0.5
47,2024-03-20,On Queue,7.0
47,2024-03-21,Break,0.25
47,2024-03-21,Meal,0.5
47,2024-03-21,On Queue,7.75
47,2024-03-22,Absent,3.1
47,2024-03-22,Break,0.25
47,2024-03-22,Meal,0.5
47,2024-03-22,On Queue,4.65
48,2024-02-26,Absent,3.9833333333333334
48,2024-02-26,Break,0.25
48,2024-02-26,Meal,0.5
48,2024-02-26,On Queue,3.7666666666666666
48,2024-02-27,Break,0.5
48,2024-02-27,Meal,0.5
48,2024-02-27,On Queue,7.5
48,2024-02-28,Break,0.5
48,2024-02-28,Meal,0.5
48,2024-02-28,On Queue,7.5
48,2024-02-29,Break,0.5
48,2024-02-29,Meal,0.5
48,2024-02-29,On Queue,7.5
48,2024-03-01,Break,0.5
48,2024-03-01,Meal,0.5
48,2024-03-01,On Queue,7.5
48,2024-03-02,Break,0.25
48,2024-03-02,Extra Hours,4.25
48,2024-03-04,Break,0.5
48,2024-03-04,Meal,0.5
48,2024-03-04,On Queue,7.5
48,2024-03-05,Break,0.5
48,2024-03-05,Meal,0.5
48,2024-03-05,On Queue,7.5
48,2024-03-06,Absent,4.1
48,2024-03-06,On Queue,4.4
48,2024-03-07,Absent,0.4166666666666667
48,2024-03-07,Break,0.5
48,2024-03-07,Meal,0.5
48,2024-03-07,On Queue,7.083333333333333
48,2024-03-08,Break,0.5
48,2024-03-08,Meal,0.5
48,2024-03-08,On Queue,7.5
48,2024-03-11,Break,0.5
48,2024-03-11,Meal,0.5
48,2024-03-11,On Queue,7.5
48,2024-03-12,Break,0.5
48,2024-03-12,Meal,0.5
48,2024-03-12,On Queue,7.5
48,2024-03-13,Break,0.25
48,2024-03-13,Meal,0.5
48,2024-03-13,On Queue,7.75
48,2024-03-14,Break,0.5
48,2024-03-14,Meal,0.5
48,2024-03-14,On Queue,7.5
48,2024-03-15,Break,0.5
48,2024-03-15,Meal,0.5
48,2024-03-15,On Queue,7.5
48,2024-03-18,Break,0.5
48,2024-03-18,Meal,0.5
48,2024-03-18,On Queue,7.5
48,2024-03-19,Break,0.5
48,2024-03-19,Meal,0.5
48,2024-03-19,On Queue,7.5
48,2024-03-20,Break,0.5
48,2024-03-20,Meal,0.5
48,2024-03-20,On Queue,7.5
48,2024-03-21,Break,0.5
48,2024-03-21,Meal,0.5
48,2024-03-21,On Queue,7.5
48,2024-03-22,Break,0.5
48,2024-03-22,Meal,0.5
48,2024-03-22,On Queue,7.5
49,2024-02-26,Break,0.25
49,2024-02-26,On Queue,4.75
49,2024-02-27,Break,0.25
49,2024-02-27,On Queue,4.75
49,2024-02-28,Break,0.25
49,2024-02-28,On Queue,4.75
49,2024-03-05,Break,0.25
49,2024-03-05,On Queue,4.75
49,2024-03-06,Break,0.25
49,2024-03-06,On Queue,4.75
49,2024-03-07,Break,0.25
49,2024-03-07,On Queue,4.75
49,2024-03-08,Break,0.25
49,2024-03-08,On Queue,4.75
49,2024-03-11,Break,0.25
49,2024-03-11,On Queue,4.75
49,2024-03-12,Break,0.25
49,2024-03-12,On Queue,4.75
49,2024-03-13,Break,0.25
49,2024-03-13,On Queue,4.75
49,2024-03-14,Absent,5.0
49,2024-03-15,Break,0.25
49,2024-03-15,On Queue,4.75
49,2024-03-18,Absent,0.5
49,2024-03-18,Break,0.25
49,2024-03-18,On Queue,4.25
49,2024-03-19,Break,0.25
49,2024-03-19,Meeting,0.5
49,2024-03-19,On Queue,4.25
49,2024-03-20,Break,0.25
49,2024-03-20,On Queue,4.75
49,2024-03-21,Break,0.25
49,2024-03-21,On Queue,4.75
49,2024-03-22,Break,0.25
49,2024-03-22,On Queue,4.75
50,2024-02-26,Break,0.25
50,2024-02-26,On Queue,7.75
50,2024-02-26,Split,6.0
50,2024-02-27,Break,0.25
50,2024-02-27,On Queue,7.75
50,2024-02-27,Split,6.0
50,2024-02-28,Break,0.25
50,2024-02-28,On Queue,7.75
50,2024-02-28,Split,6.0
50,2024-02-29,Break,0.25
50,2024-02-29,On Queue,7.75
50,2024-02-29,Split,6.0
50,2024-03-03,Break,0.5
50,2024-03-03,Meal,0.5
50,2024-03-03,On Queue,7.5
50,2024-03-04,Break,0.25
50,2024-03-04,On Queue,7.75
50,2024-03-04,Split,6.0
50,2024-03-05,Break,0.25
50,2024-03-05,On Queue,7.75
50,2024-03-05,Split,6.0
50,2024-03-06,On Queue,6.0
50,2024-03-06,Split,6.0
50,2024-03-06,Time Off,3.0
50,2024-03-07,Break,0.25
50,2024-03-07,On Queue,7.75
50,2024-03-07,Split,6.0
50,2024-03-10,Break,0.5
50,2024-03-10,Meal,0.5
50,2024-03-10,On Queue,7.5
50,2024-03-11,Break,0.25
50,2024-03-11,On Queue,7.75
50,2024-03-11,Split,6.0
50,2024-03-12,Break,0.25
50,2024-03-12,On Queue,7.75
50,2024-03-12,Split,6.0
50,2024-03-13,Break,0.25
50,2024-03-13,On Queue,7.75
50,2024-03-13,Split,6.0
50,2024-03-14,Break,0.25
50,2024-03-14,On Queue,7.75
50,2024-03-14,Split,6.0
50,2024-03-17,Break,0.5
50,2024-03-17,Meal,0.5
50,2024-03-17,On Queue,7.5
50,2024-03-18,Break,0.25
50,2024-03-18,On Queue,7.75
50,2024-03-18,Split,6.0
50,2024-03-19,Break,0.25
50,2024-03-19,Meeting,0.5
50,2024-03-19,On Queue,7.25
50,2024-03-19,Split,6.0
50,2024-03-20,Break,0.25
50,2024-03-20,On Queue,7.75
50,2024-03-20,Split,6.0
50,2024-03-21,Break,0.25
50,2024-03-21,On Queue,7.75
50,2024-03-21,Split,6.0
50,2024-03-24,Break,0.5
50,2024-03-24,Meal,0.5
50,2024-03-24,On Queue,7.5
51,2024-02-26,Break,0.25
51,2024-02-26,On Queue,3.75
51,2024-02-27,Break,0.25
51,2024-02-27,On Queue,3.75
51,2024-02-28,Break,0.25
51,2024-02-28,On Queue,3.75
51,2024-02-29,Break,0.25
51,2024-02-29,On Queue,3.75
51,2024-03-01,Break,0.25
51,2024-03-01,On Queue,3.75
51,2024-03-05,Break,0.25
51,2024-03-05,On Queue,3.75
51,2024-03-06,Break,0.25
51,2024-03-06,On Queue,3.75
51,2024-03-07,Break,0.25
51,2024-03-07,On Queue,3.75
51,2024-03-08,Absent,3.566666666666667
51,2024-03-08,On Queue,0.43333333333333335
51,2024-03-11,Break,0.25
51,2024-03-11,On Queue,3.75
51,2024-03-12,Absent,0.7166666666666667
51,2024-03-12,Break,0.25
51,2024-03-12,On Queue,3.033333333333333
51,2024-03-13,Absent,3.966666666666667
51,2024-03-13,On Queue,0.03333333333333333
51,2024-03-14,Absent,4.0
51,2024-03-15,Break,0.25
51,2024-03-15,On Queue,3.75
51,2024-03-18,Break,0.25
51,2024-03-18,On Queue,3.75
51,2024-03-19,Break,0.25
51,2024-03-19,On Queue,3.75
51,2024-03-20,Break,0.25
51,2024-03-20,Meeting,0.5
51,2024-03-20,On Queue,3.25
51,2024-03-21,Break,0.25
51,2024-03-21,On Queue,3.75
51,2024-03-22,Break,0.25
51,2024-03-22,On Queue,3.75
52,2024-02-26,Break,0.5
52,2024-02-26,Meal,0.5
52,2024-02-26,On Queue,7.5
52,2024-02-27,Break,0.5
52,2024-02-27,Meal,0.5
52,2024-02-27,On Queue,7.5
52,2024-02-28,Break,0.5
52,2024-02-28,Meal,0.5
52,2024-02-28,On Queue,7.5
52,2024-02-29,Break,0.5
52,2024-02-29,Meal,0.5
52,2024-02-29,On Queue,7.5
52,2024-03-01,Break,0.5
52,2024-03-01,Meal,0.5
52,2024-03-01,On Queue,7.5
52,2024-03-04,Break,0.5
52,2024-03-04,Meal,0.5
52,2024-03-04,On Queue,7.5
52,2024-03-05,Break,0.5
52,2024-03-05,Meal,0.5
52,2024-03-05,On Queue,7.5
52,2024-03-06,Break,0.5
52,2024-03-06,Meal,0.5
52,2024-03-06,On Queue,7.5
52,2024-03-08,Break,0.5
52,2024-03-08,Meal,0.5
52,2024-03-08,On Queue,7.5
52,2024-03-11,Break,0.5
52,2024-03-11,Meal,0.5
52,2024-03-11,On Queue,7.5
52,2024-03-12,Break,0.5
52,2024-03-12,Meal,0.5
52,2024-03-12,On Queue,7.5
52,2024-03-13,Break,0.5
52,2024-03-13,Meal,0.5
52,2024-03-13,On Queue,7.5
52,2024-03-14,Break,0.5
52,2024-03-14,Meal,0.5
52,2024-03-14,On Queue,7.5
52,2024-03-15,Break,0.5
52,2024-03-15,Meal,0.5
52,2024-03-15,On Queue,7.5
52,2024-03-18,Break,0.5
52,2024-03-18,Meal,0.5
52,2024-03-18,On Queue,7.5
52,2024-03-19,Break,0.5
52,2024-03-19,Meal,0.5
52,2024-03-19,On Queue,7.5
52,2024-03-20,Break,0.5
52,2024-03-20,Meal,0.5
52,2024-03-20,Meeting,0.5
52,2024-03-20,On Queue,7.0
52,2024-03-21,Break,0.5
52,2024-03-21,Meal,0.5
52,2024-03-21,On Queue,7.5
52,2024-03-22,Break,0.5
52,2024-03-22,Meal,0.5
52,2024-03-22,On Queue,7.5
53,2024-02-28,Break,0.5
53,2024-02-28,Meal,0.5
53,2024-02-28,On Queue,7.0
53,2024-02-29,Break,0.5
53,2024-02-29,Meal,0.5
53,2024-02-29,On Queue,7.0
53,2024-03-01,Break,0.5
53,2024-03-01,Meal,0.5
53,2024-03-01,On Queue,7.0
53,2024-03-02,Break,0.5
53,2024-03-02,Meal,0.5
53,2024-03-02,Program Training,7.5
53,2024-03-06,Absent,3.0
53,2024-03-06,Break,0.25
53,2024-03-06,Meal,0.5
53,2024-03-06,On Queue,4.25
53,2024-03-07,Break,0.5
53,2024-03-07,Meal,0.5
53,2024-03-07,On Queue,7.0
53,2024-03-08,Break,0.5
53,2024-03-08,Meal,0.5
53,2024-03-08,On Queue,7.0
53,2024-03-09,Break,0.5
53,2024-03-09,Meal,0.5
53,2024-03-09,Program Training,7.5
53,2024-03-13,Break,0.5
53,2024-03-13,Meal,0.5
53,2024-03-13,On Queue,5.0
53,2024-03-13,Program Training,2.0
53,2024-03-14,Break,0.5
53,2024-03-14,Meal,0.5
53,2024-03-14,On Queue,5.0
53,2024-03-14,Program Training,2.0
53,2024-03-15,Break,0.5
53,2024-03-15,Meal,0.5
53,2024-03-15,On Queue,7.0
53,2024-03-16,Absent,8.0
53,2024-03-20,Absent,8.0
53,2024-03-21,NCNS,8.0
53,2024-03-22,Leave,8.0
53,2024-03-23,Leave,8.0
54,2024-02-26,Break,0.5
54,2024-02-26,Meal,0.5
54,2024-02-26,On Queue,7.5
54,2024-02-27,Break,0.5
54,2024-02-27,Meal,0.5
54,2024-02-27,On Queue,7.5
54,2024-02-28,Break,0.5
54,2024-02-28,Meal,0.5
54,2024-02-28,On Queue,7.5
54,2024-02-29,Break,0.5
54,2024-02-29,Meal,0.5
54,2024-02-29,On Queue,7.5
54,2024-03-01,Break,0.5
54,2024-03-01,Meal,0.5
54,2024-03-01,On Queue,7.5
54,2024-03-04,Break,0.5
54,2024-03-04,Meal,0.5
54,2024-03-04,On Queue,7.5
54,2024-03-05,Break,0.5
54,2024-03-05,Meal,0.5
54,2024-03-05,On Queue,7.5
54,2024-03-06,Break,0.5
54,2024-03-06,Meal,0.5
54,2024-03-06,On Queue,7.5
54,2024-03-07,Break,0.5
54,2024-03-07,Meal,0.5
54,2024-03-07,On Queue,7.5
54,2024-03-08,Break,0.5
54,2024-03-08,Meal,0.5
54,2024-03-08,On Queue,7.5
54,2024-03-11,Break,0.5
54,2024-03-11,Meal,0.5
54,2024-03-11,On Queue,7.5
54,2024-03-12,Break,0.5
54,2024-03-12,Meal,0.5
54,2024-03-12,On Queue,7.5
54,2024-03-13,Absent,0.6333333333333333
54,2024-03-13,Break,0.25
54,2024-03-13,Meal,0.5
54,2024-03-13,On Queue,7.116666666666666
54,2024-03-14,Break,0.5
54,2024-03-14,Meal,0.5
54,2024-03-14,On Queue,7.5
54,2024-03-15,Break,0.5
54,2024-03-15,Meal,0.5
54,2024-03-15,On Queue,7.5
54,2024-03-18,Break,0.5
54,2024-03-18,Meal,0.5
54,2024-03-18,On Queue,7.5
54,2024-03-19,Break,0.5
54,2024-03-19,Meal,0.5
54,2024-03-19,On Queue,7.5
54,2024-03-20,Break,0.5
54,2024-03-20,Meal,0.5
54,2024-03-20,Meeting,0.5
54,2024-03-20,On Queue,7.0
54,2024-03-22,Break,0.5
54,2024-03-22,Meal,0.5
54,2024-03-22,On Queue,7.5
55,2024-02-26,Break,0.5
55,2024-02-26,Meal,0.5
55,2024-02-26,On Queue,7.5
55,2024-02-27,Break,0.5
55,2024-02-27,Meal,0.5
55,2024-02-27,On Queue,7.5
55,2024-02-28,Break,0.5
55,2024-02-28,Meal,0.5
55,2024-02-28,On Queue,7.5
55,2024-03-01,Absent,2.15
55,2024-03-01,Break,0.25
55,2024-03-01,Meal,0.5
55,2024-03-01,On Queue,5.6
55,2024-03-02,Break,0.5
55,2024-03-02,Meal,0.5
55,2024-03-02,Program Training,7.5
55,2024-03-04,Break,0.25
55,2024-03-04,Meal,0.5
55,2024-03-04,On Queue,4.75
55,2024-03-04,Time Off,3.0
55,2024-03-05,Break,0.5
55,2024-03-05,Meal,0.5
55,2024-03-05,On Queue,7.5
55,2024-03-06,Break,0.5
55,2024-03-06,Meal,0.5
55,2024-03-06,On Queue,7.5
55,2024-03-08,Break,0.5
55,2024-03-08,Meal,0.5
55,2024-03-08,On Queue,7.5
55,2024-03-09,Break,0.5
55,2024-03-09,Meal,0.5
55,2024-03-09,Program Training,7.5
55,2024-03-11,Break,0.5
55,2024-03-11,Meal,0.5
55,2024-03-11,On Queue,7.5
55,2024-03-12,Break,0.5
55,2024-03-12,Meal,0.5
55,2024-03-12,On Queue,7.5
55,2024-03-13,Break,0.5
55,2024-03-13,Meal,0.5
55,2024-03-13,On Queue,5.5
55,2024-03-13,Program Training,2.0
55,2024-03-15,Break,0.5
55,2024-03-15,Meal,0.5
55,2024-03-15,On Queue,5.5
55,2024-03-15,Program Training,2.0
55,2024-03-16,Break,0.5
55,2024-03-16,Meal,0.5
55,2024-03-16,Program Training,7.5
55,2024-03-18,Break,0.5
55,2024-03-18,Meal,0.5
55,2024-03-18,On Queue,7.5
55,2024-03-19,Absent,5.816666666666666
55,2024-03-19,Break,0.25
55,2024-03-19,Meeting,0.5
55,2024-03-19,On Queue,1.25
55,2024-03-19,Program Training,0.6833333333333333
55,2024-03-20,Time Off,8.5
55,2024-03-22,Time Off,8.5
55,2024-03-23,Time Off,8.5
56,2024-02-26,Break,0.5
56,2024-02-26,Meal,0.5
56,2024-02-26,On Queue,7.5
56,2024-02-27,Break,0.5
56,2024-02-27,Meal,0.5
56,2024-02-27,On Queue,7.0
56,2024-02-27,Time Off,0.5
56,2024-02-28,Break,0.5
56,2024-02-28,Meal,0.5
56,2024-02-28,On Queue,7.5
56,2024-02-29,Break,0.5
56,2024-02-29,Meal,0.5
56,2024-02-29,On Queue,7.5
56,2024-03-01,Break,0.5
56,2024-03-01,Meal,0.5
56,2024-03-01,On Queue,7.5
56,2024-03-04,Absent,3.683333333333333
56,2024-03-04,Break,0.25
56,2024-03-04,Meal,0.5
56,2024-03-04,On Queue,4.066666666666666
56,2024-03-05,Break,0.5
56,2024-03-05,Meal,0.5
56,2024-03-05,On Queue,7.5
56,2024-03-06,Break,0.5
56,2024-03-06,Meal,0.5
56,2024-03-06,On Queue,7.5
56,2024-03-07,Break,0.5
56,2024-03-07,Meal,0.5
56,2024-03-07,On Queue,7.5
56,2024-03-08,Break,0.5
56,2024-03-08,Meal,0.5
56,2024-03-08,On Queue,7.5
56,2024-03-11,Break,0.25
56,2024-03-11,Meal,0.5
56,2024-03-11,On Queue,5.75
56,2024-03-11,Time Off,2.0
56,2024-03-12,Break,0.5
56,2024-03-12,Meal,0.5
56,2024-03-12,On Queue,7.5
56,2024-03-13,Break,0.5
56,2024-03-13,Meal,0.5
56,2024-03-13,On Queue,7.5
56,2024-03-14,Break,0.5
56,2024-03-14,Meal,0.5
56,2024-03-14,On Queue,7.5
56,2024-03-15,Break,0.5
56,2024-03-15,Meal,0.5
56,2024-03-15,On Queue,7.5
56,2024-03-18,Break,0.5
56,2024-03-18,Meal,0.5
56,2024-03-18,On Queue,7.5
56,2024-03-20,Break,0.5
56,2024-03-20,Meal,0.5
56,2024-03-20,Meeting,0.5
56,2024-03-20,On Queue,7.0
56,2024-03-21,Break,0.5
56,2024-03-21,Meal,0.5
56,2024-03-21,On Queue,7.5
56,2024-03-22,Break,0.5
56,2024-03-22,Meal,0.5
56,2024-03-22,On Queue,7.5
58,2024-02-26,Break,0.5
58,2024-02-26,Meal,0.5
58,2024-02-26,On Queue,7.5
58,2024-02-27,Break,0.5
58,2024-02-27,Meal,0.5
58,2024-02-27,On Queue,7.5
58,2024-02-28,Break,0.5
58,2024-02-28,Meal,0.5
58,2024-02-28,On Queue,7.5
58,2024-02-29,Break,0.5
58,2024-02-29,Meal,0.5
58,2024-02-29,On Queue,7.5
58,2024-03-01,Break,0.5
58,2024-03-01,Meal,0.5
58,2024-03-01,On Queue,7.5
58,2024-03-04,Break,0.25
58,2024-03-04,Meal,0.5
58,2024-03-04,On Queue,4.25
58,2024-03-04,Time Off,3.5
58,2024-03-05,Break,0.5
58,2024-03-05,Meal,0.5
58,2024-03-05,On Queue,7.5
58,2024-03-06,Break,0.5
58,2024-03-06,Meal,0.5
58,2024-03-06,On Queue,7.5
58,2024-03-07,Break,0.5
58,2024-03-07,Meal,0.5
58,2024-03-07,On Queue,7.5
58,2024-03-08,Break,0.5
58,2024-03-08,Meal,0.5
58,2024-03-08,On Queue,7.5
58,2024-03-11,Break,0.5
58,2024-03-11,Meal,0.5
58,2024-03-11,On Queue,7.5
58,2024-03-12,Break,0.5
58,2024-03-12,Meal,0.5
58,2024-03-12,On Queue,7.5
58,2024-03-13,Break,0.5
58,2024-03-13,Meal,0.5
58,2024-03-13,On Queue,7.5
58,2024-03-14,Break,0.5
58,2024-03-14,Meal,0.5
58,2024-03-14,On Queue,7.5
58,2024-03-15,Break,0.5
58,2024-03-15,Meal,0.5
58,2024-03-15,On Queue,7.5
58,2024-03-18,Break,0.5
58,2024-03-18,Meal,0.5
58,2024-03-18,On Queue,7.5
58,2024-03-19,Break,0.5
58,2024-03-19,Meal,0.5
58,2024-03-19,On Queue,7.5
58,2024-03-20,Break,0.5
58,2024-03-20,Meal,0.5
58,2024-03-20,Meeting,0.5
58,2024-03-20,On Queue,7.0
58,2024-03-21,Break,0.5
58,2024-03-21,Meal,0.5
58,2024-03-21,On Queue,7.5
58,2024-03-22,Break,0.5
58,2024-03-22,Meal,0.5
58,2024-03-22,On Queue,7.5
59,2024-03-02,Break,0.5
59,2024-03-02,Meal,0.5
59,2024-03-02,Program Training,7.5
59,2024-03-04,Break,0.5
59,2024-03-04,Meal,0.5
59,2024-03-04,On Queue,7.5
59,2024-03-05,Break,0.5
59,2024-03-05,Meal,0.5
59,2024-03-05,On Queue,7.5
59,2024-03-07,Break,0.5
59,2024-03-07,Meal,0.5
59,2024-03-07,On Queue,7.5
59,2024-03-08,Break,0.5
59,2024-03-08,Meal,0.5
59,2024-03-08,On Queue,7.5
59,2024-03-09,Break,0.5
59,2024-03-09,Meal,0.5
59,2024-03-09,Program Training,7.5
59,2024-03-11,Break,0.5
59,2024-03-11,Meal,0.5
59,2024-03-11,On Queue,7.5
59,2024-03-12,Break,0.5
59,2024-03-12,Meal,0.5
59,2024-03-12,On Queue,7.0
59,2024-03-12,Time Off,0.5
59,2024-03-14,Break,0.5
59,2024-03-14,Meal,0.5
59,2024-03-14,On Queue,5.5
59,2024-03-14,Program Training,2.0
59,2024-03-15,Break,0.5
59,2024-03-15,Meal,0.5
59,2024-03-15,On Queue,5.5
59,2024-03-15,Program Training,2.0
59,2024-03-16,Break,0.5
59,2024-03-16,Meal,0.5
59,2024-03-16,Program Training,7.5
59,2024-03-18,Break,0.5
59,2024-03-18,Meal,0.5
59,2024-03-18,On Queue,7.5
59,2024-03-19,Break,0.5
59,2024-03-19,Meal,0.5
59,2024-03-19,On Queue,5.5
59,2024-03-19,Program Training,2.0
59,2024-03-21,Break,0.5
59,2024-03-21,Meal,0.5
59,2024-03-21,Meeting,0.5
59,2024-03-21,On Queue,7.0
59,2024-03-22,Break,0.5
59,2024-03-22,Meal,0.5
59,2024-03-22,On Queue,7.5
59,2024-03-23,Break,0.5
59,2024-03-23,Meal,0.5
59,2024-03-23,On Queue,7.5
